"Excess.mortality","Schools","Face.masks","Lockdown.severity","Majority.COVID.19.variant","Flights.7.day.moving.average","OpenTable.restaurant.bookings.London.index","Google.homeworking.Greater.London.mobility.index","Google.workplace.Greater.London.mobility.index","Apple.walking.London.mobility.index","Google.parks.Greater.London.mobility.index","Google.retail.recreation.Greater.London.mobility.index","Google.grocery.pharmacy.Greater.London.mobility.index","Google.transit.stations.mobility.index","TfL.Tube.mobility.index","TfL.Bus.mobility.index","Citymapper.journeys.mobility.index","Season","PCR.tests","PCR.tests.capacity","Antibody.tests","Antibody.tests.capacity","Pillar.1.NHS.and.UKHSA.capacity","Pillar.2.UK.Government.capacity","Pillar.3.Antibody.capacity","Pillar.4.Surveillance.capacity","Pillar.1.NHS.and.UKHSA.tests","Pillar.2.UK.Government.tests","Pillar.3.Antibody.tests","Pillar.4.Surveillance.tests","Tests.across.all.4.Pillars","New.cases","New.infections","Reinfections","Hospital.admissions","Patients.in.hospital","Patients.in.MVBs","Vaccinations.total","Vaccinations.1st.dose","Vaccinations.2nd.dose","Vaccinations.3rd.dose","First.dose.uptake","Second.dose.uptake","Third.dose.uptake","COVID.19.deaths.on.certificate"
-13.4666666666667,"Open","No","No_or_limited_measures","Omicron BA.2",5715,95.029127102141,109.513614087043,44.8931753543145,127.34696289914,112.689843393242,87.4135854643774,97.323379621505,68.266263495595,93.5171550726163,91.6127828619337,228.852780862788,"Summer",61248.7977061781,287754.59511301,1344,122400,160391.971542542,114650,120000,2400,45556.0699092048,100482.819244417,404,12243,151536.226631864,1646.66079167027,1356.65261854925,1126.03306056086,521.962664864089,5113.4418125985,-170.29656829543,29377.8270112965,6105.92916596811,8983.30509304056,12539.4904474177,92.9047816323444,86.9472500190428,69.0216436252742,2.59484741348229
-14.7777777777778,"Open","No","No_or_limited_measures","Omicron BA.2",5661,95.0188990182288,109.183576469715,44.1991687486628,127.334211430472,113.138990910009,85.2526277620444,96.9571676017433,66.1208190217434,93.5171513531869,91.439817904086,231.011368721319,"Summer",60192.5375029637,290735.098051092,1497,122400,163211.751174931,114650,120000,2400,48093.323292477,118472.525434645,392,7392,174556.952708906,2170.68196630523,1783.07298906017,1238.91130606727,510.410694835711,5211.46605439632,-118.575839212637,26328.1849599859,6357.87941651877,12284.667811084,11920.5570972915,92.9405971080294,86.9698519807544,69.065248927374,3.63532654401602
-16.0888888888889,"Open","No","No_or_limited_measures","Omicron BA.2",5626,95.0095898651023,105.271368411094,59.4671403520011,127.392431926443,113.831378619131,83.7097065908558,95.8670823910635,67.8193125109702,93.7758134574083,91.2866076234427,233.13497286528,"Summer",57366.1637812404,293581.765422398,930,122400,166021.354928995,114650,120000,2400,48434.2395546688,147309.262242527,212,8129,205664.15016952,2533.08354467972,2082.68086591302,1267.03617196843,498.871999467841,5237,-72.1541332889234,18901.3089367476,5200.44092709568,8526.85136674285,7669.95178193208,92.9731814504348,86.9879844278081,69.139326089636,5.01326334568978
-17.4,"Open","No","No_or_limited_measures","Omicron BA.2",5642,95.0005573217578,103.987097252194,74.7891396247268,127.482814008155,115.40826072198,85.1350408240926,96.4718244443733,74.1662110077673,93.6551629964645,91.1170628958658,235.223761728928,"Summer",57149.2862343499,296293.755044667,816,122400,168820.138411758,114650,120000,2400,46466.7963043917,119708.888743184,298,4222,173122.669489108,2632.23834815765,2172.53084948193,1192.03418126055,487.429551616151,5050,-30.7824363736371,10199,2628,3306,4265,93,87,69.2,6.38371473885629
-17.4,"Open","No","No_or_limited_measures","Omicron BA.2",5617,94.9911823685316,99.5760274320492,83.455156893343,127.526543244708,120.201430087894,84.724257295877,95.4910259322801,72.2690792094832,92.907832025844,90.8830417225836,237.27790374652,"Summer",58132.2630533602,298854.281610749,900,122400,171607.457230241,114650,120000,2400,43921.4877139368,106758.709208304,96,1086,161462.980751225,2591.93319675889,2149.23877296492,1076.11760887988,476.68494340902,4900,5.80563392142668,19675,5621,6472,7582,93,87,69.2,7.19722147231428
-17.4,"Open","No","No_or_limited_measures","Omicron BA.2",5596,94.9813167129395,104.145877451631,58.3140917948797,127.573321184596,136.689985916307,83.7461206402328,96.9707039748271,64.6661852584819,93.2462727359337,90.7238499141356,239.297567352313,"Summer",62035.3507996106,301241.733360096,148,122400,174382.666991473,114650,120000,2400,43128.626428064,145398.566850822,148,11183,206099.185193067,2677.00186432124,2222.96435890056,1016.67899842293,471,4946,37.8899070533093,3834,1033,1177,1624,93,87,69.2,7
-17.4,"Open","No","No_or_limited_measures","Omicron BA.2",5563,94.971209172287,111,28,127.641710349711,176,85,95,61,95.165005745533,90.7874686564661,241.282920980564,"Summer",64009.0946332759,303462.306902455,317,122400,177145.123302471,114650,120000,2400,45308.4611151678,145279.142966144,317,9240,203256.638991894,3076.2876441687,2545.31146489238,1071.00810744818,502,4930,65.759801200438,9246,2266,2390,4590,93,87,69.2,11
-17.4,"Open","No","No_or_limited_measures","Omicron BA.2",5593,94.9611868295032,105,57,127.679649959741,113,88,101,70,93.7643705867723,90.4682463605201,243.234133065529,"Summer",65057.2414114552,305535.012659308,860,122400,179894.181770265,114650,120000,2400,49395.7885727668,109641.4649119,260,10931,163973.592385337,3728.95012397056,3070.47715613371,1209.2016700242,566,4904,89.7105603435824,28747,6970,8628,13149,93,87,69.1,13
-17.4,"Open","No","No_or_limited_measures","Omicron BA.2",5667,94.9514040896233,108,58,127.71791319018,86,78,93,68,89.0948232764372,89.5902770375347,245.151372041467,"Spring",62149.6941117699,307461.90215417,1222,122400,182629.198001874,114650,120000,2400,52777.7241796642,130276.248814441,400,7146,190545.018307714,4347.91561628471,3572.02618386273,1333.75368812945,580,5154,110.039617810886,30048,7650,8775,13623,93,87,69.1,23
-17.4,"Open","No","No_or_limited_measures","Omicron BA.2",5680,94.9417919646676,109,56,127.781211938415,99,80,93,66,92.5644651857023,89.9083379761895,247.034806342631,"Spring",60264.3603174537,309248.851491787,338,122400,185349.527604325,114650,120000,2400,53045.7168402241,161806.303369329,283,8675,224562.895032241,4639.49952481376,3815.76077341173,1353.43331646688,547,5192,127.043115558994,27680,6769,8051,12860,93,86.9,69.1,36
7.93,"Open","No","No_or_limited_measures","Omicron BA.2",5652,94.9321837944952,99,93,127.83810320046,111,82,91,86,106.887251783601,92.9395961949344,248.884604403282,"Spring",58513.1990157325,310792.0382508,37,122400,188054.526184638,114650,120000,2400,50130.810360682,130287.300708371,37,7977,187065.047858846,4551.77764375476,3757.24121540865,1255.61520597587,510,5113,141.01260652131,18082,6018,5496,6568,93,86.9,69.1,11
7.93,"Open","No","No_or_limited_measures","Omicron BA.2",5632,94.9224700689161,98,91,127.884561028903,101,78,94,83,88.901093000168,87.5915385199924,250.700934657674,"Spring",61444.2700374306,312085.271336764,1385,122400,190743.54934984,114650,120000,2400,46326.6439327233,116383.097006456,188,10742,174701.479514075,4345.02573111535,3600.15826210043,1119.87342706598,448,5164,152.23196525197,37018,12568,11504,12946,93,86.9,69.1,28
7.93,"Open","No","No_or_limited_measures","Omicron BA.2",5596,94.9126548381835,105,67,127.941479268421,125,78,99,71,70.4377575648833,84.5926587274033,252.483965540066,"Spring",64300.8035115354,313232.04512212,1227,122400,193415.952706954,114650,120000,2400,45056.0911936316,159445.307255056,506,11186,224720.574979681,4408.04636502938,3653.40364946139,1059.39567171981,518,5357,160.974529846457,23950,5192,6356,12402,93,86.9,69,31
7.93,"Open","No","No_or_limited_measures","Omicron BA.2",5576,94.9028116295691,106,70,127.994771976906,108,79,98,72,75.1279979421286,83.0612009210004,254.233865484714,"Spring",68317.1762024957,314264.391383907,2385,122400,196071.091863001,114650,120000,2400,47830.6902591746,158280.941301012,379,12742,220134.028789679,4949.09364884284,4086.37599431695,1133.15353883775,490,5610,167.500495743793,42218,3608,25392,13218,92.9,86.9,69,35
7.93,"Open","No","No_or_limited_measures","Omicron BA.2",5511,94.8930078889407,106,69,128.039848127616,96,76,95,71,72.7206329602065,82.5056549533007,255.950802925873,"Spring",67397.2496877681,315165.624913059,2016,122400,198708.32242501,114650,120000,2400,53434.086784126,118618.458505114,491,13072,176151.121153889,5805.52109549122,4775.02969205834,1296.83738057185,570,5741,172.054579528358,14234,386,3072,10776,92.9,86.8,69,30
7.93,"Open","No","No_or_limited_measures","Omicron BA.2",5437,94.8832595523976,107,68,128.091675842465,89,75,94,71,72.0692020995633,82.4717548446527,257.634946297801,"Spring",65808.4844587202,315977,1667,122400,201327,114650,120000,2400,57872.4099242086,142151.496835674,413,7950,206654.202394612,6539.9756509907,5373.62627470171,1433.08728644062,568,5888,174.86396826922,22504,4746,4867,12891,92.9,86.8,69,45
7.93,"Open","No","No_or_limited_measures","Omicron BA.2",5410,94.873537598734,108,66,128.147506360672,103,75,96,67,64.8349128601698,79.7626959009409,259.286464034756,"Spring",61384.4319345357,315977,881,122400,201327,114650,120000,2400,58207.9186474664,176457.917039809,458,7780,243674.704243176,6770.47591622496,5574.31316749404,1440.80140409436,588,6260,176.404718219106,20678,3323,4629,12726,92.9,86.8,69,54
11.93,"Open","No","No_or_limited_measures","Omicron BA.2",5380,94.863804712133,98,94,128.198103618551,142,83,94,86,100.199982215291,98.5647246793457,260.905524570994,"Spring",61593.3600530708,315977,91,122400,201327,114650,120000,2400,53764.7982112596,140722.556001632,91,10305,200786.169328891,6486.0525151137,5360.33261597925,1315.7195212803,535,6275,175,17958,6519,4621,6818,92.9,86.8,68.9,54
11.93,"Open","No","No_or_limited_measures","Omicron BA.2",5367,94.8540446096525,99,92,128.250055974415,107,77,95,81,85.4253498885005,88.6701381433102,262.492296340772,"Spring",62749.9427410462,315977,161,122400,201327,114650,120000,2400,48472.0772656,121140.951309389,161,10284,179426.695764634,6090.19520302116,5047.11269501482,1158.24625391154,448,6323,184,42720,16176,11054,15490,92.9,86.8,68.9,45
11.93,"Open","No","No_or_limited_measures","Omicron BA.2",5345,94.8442659049494,107,67,128.304074530635,86,71,94,68,66.2223245609329,82.0023088731548,264.046947778345,"Spring",68576.8153383725,315977,2505,122400,201327,114650,120000,2400,46179.3434101114,171453.356414111,644,12342,241083.476414884,6113.32619395807,5059.42681815898,1098.98553912892,526,6545,194,28989,6503,6514,15972,92.9,86.8,68.9,66
11.93,"Open","No","No_or_limited_measures","Omicron BA.2",5325,94.834487278808,106,70,128.354695964742,118,79,98,71,72.6773680580364,82.6166308212114,265.569647317973,"Spring",70599,315979,1709,122400,201329,114650,120000,2400,50227,160362,497,12362,223448,6798,5601,1197,647,6757,191,35883,8931,8074,18878,92.9,86.8,68.9,43
11.93,"Open","No","No_or_limited_measures","Omicron BA.2",5314,94.8247207664863,106,70,128.404997849626,122,77,97,70,70.6284228289106,82.4853973033643,267.060563393908,"Spring",83236,315979,1287,122400,201329,114650,120000,2400,59658,149885,536,12644,222723,7618,6353,1265,708,6911,188,28297,5365,5956,16976,92.9,86.8,68.8,44
11.93,"Open","No","No_or_limited_measures","Omicron BA.2",5317,94.8149655458129,106,69,128.458103119787,129,78,97,71,70.1382085289569,83.0915546854722,268.519864440412,"Spring",81046,315979,811,122400,201329,114650,120000,2400,63074,156855,513,7363,227805,8262,6879,1383,666,7290,201,28682,5431,5921,17330,92.8,86.8,68.8,70
11.93,"Open","No","No_or_limited_measures","Omicron BA.2",5301,94.8052130964989,107,66,128.510354014773,115,77,98,67,64.5950971520182,80.5568162409419,269.947718891738,"Spring",78789,315979,841,122400,201329,114650,120000,2400,65814,218507,405,7533,292259,9389,7717,1672,687,7636,189,25988,4774,5601,15613,92.8,86.7,68.8,62
23.83,"Open","No","No_or_limited_measures","Omicron BA.2",5289,94.7954559986483,101,92,128.561760650612,80,75,88,80,87.8991470179831,91.5880301423729,271.344295182144,"Spring",59654,315979,662,122400,201329,114650,120000,2400,42910,116263,662,10855,170690,7943,6660,1283,631,7823,199,23918,10090,5709,8119,92.8,86.7,68.7,66
23.83,"Open","No","No_or_limited_measures","Omicron BA.2",5274,94.7856927928052,98,92,128.6143643466,119,76,96,81,83.104957314011,90.2570754997842,272.709761745887,"Spring",65316,315979,180,122400,201329,114650,120000,2400,44835,110135,180,10855,166005,6100,5141,959,612,7838,197,49184,20462,12824,15898,92.8,86.7,68.7,62
23.83,"Open","No","No_or_limited_measures","Omicron BA.2",5272,94.7759268924873,106,68,128.666581703368,108,74,98,68,65.1821225729335,83.9993773861279,274.04428701722,"Spring",94727,315979,979,122400,201329,114650,120000,2400,64077,174142,82,11482,249783,6888,5847,1041,624,8179,189,31687,7513,7150,17024,92.8,86.7,68.7,66
23.83,"Open","No","No_or_limited_measures","Omicron BA.2",5269,94.7661623928645,106,70,128.717776830392,106,79,97,71,71.8197844187194,83.3939575824848,275.348039430404,"Spring",74367,315973,1264,122400,201323,114650,120000,2400,54050,183577,670,11775,250072,7614,6411,1203,781,8485,191,35034,7488,7531,20015,92.8,86.7,68.7,64
23.83,"Open","No","No_or_limited_measures","Omicron BA.2",5244,94.7564008448159,107,69,128.76971836874,80,72,91,69,69.6235233765266,79.4655160015562,276.621187419695,"Spring",80398,315973,2416,132400,201323,114650,130000,2400,57549,169923,615,13375,241462,8695,7278,1417,774,8946,202,36016,6801,8001,21214,92.7,86.7,68.6,76
23.83,"Open","No","No_or_limited_measures","Omicron BA.2",5235,94.7466410363969,106,68,128.822019494575,99,74,95,69,68.1443120956611,81.7518214498612,277.863899419349,"Spring",85164,315973,1846,132400,201323,114650,130000,2400,66434,175449,465,8897,251245,9711,8106,1605,861,9343,203,35272,7224,7909,20139,92.7,86.7,68.6,91
23.83,"Open","No","No_or_limited_measures","Omicron BA.2",5230,94.7368809341707,107,66,128.873797552833,122,77,98,67,63.1858851400911,81.1338169065922,279.076343863623,"Spring",84869,315973,384,132400,201323,114650,130000,2400,69623,234189,384,7798,311994,10678,8885,1793,844,9664,213,31771,5910,7601,18260,92.7,86.6,68.6,76
-0.92,"Open","No","No_or_limited_measures","Omicron BA.2",5211,94.7271195959007,99,95,128.925768866429,141,82,94,82,91.5705129520565,99.5259939705979,280.258689186773,"Spring",66803,315973,160,132400,201323,114650,130000,2400,49562,128323,160,9937,187982,9044,7586,1458,755,9748,227,26951,10662,7490,8799,92.7,86.6,68.5,80
-0.92,"Open","No","No_or_limited_measures","Omicron BA.2",5202,94.7173575621445,100,92,128.977998738858,91,76,93,78,78.56411146428,88.0576678591357,281.411103823059,"Spring",73147,315973,272,132400,201323,114650,130000,2400,49507,128541,272,9853,188173,7515,6436,1079,702,9804,226,60876,24460,15741,20675,92.7,86.6,68.5,95
-0.92,"Open","No","No_or_limited_measures","Omicron BA.2",5184,94.707595824525,106,68,129.029821039737,110,75,97,68,64.8761215685567,83.8092858893428,282.533756206733,"Spring",87642,315973,1633,132400,201323,114650,130000,2400,61748,186807,1157,12248,261960,8920,7569,1351,819,10307,237,38622,9588,9434,19600,92.7,86.6,68.5,90
-0.92,"Open","No","No_or_limited_measures","Omicron BA.2",5144,94.6978346044773,106,69,129.081608531031,119,79,99,70,70.3555185939445,83.4572198029568,283.626814772055,"Spring",89208,315293,2738,132400,200643,114650,130000,2400,60656,208167,751,13150,282724,10190,8578,1612,868,10827,253,36891,8238,7997,20656,92.6,86.6,68.5,80
-0.92,"Open","No","No_or_limited_measures","Omicron BA.2",5112,94.6880731391959,107,69,129.133676870409,90,72,93,68,68.4392769806294,81.3765859836648,284.69044795328,"Spring",103166,315293,2196,132400,200643,114650,130000,2400,70784,200437,707,10245,282173,11657,9840,1817,1005,11324,277,41167,9080,8684,23403,92.6,86.6,68.4,87
-0.92,"Open","No","No_or_limited_measures","Omicron BA.2",5080,94.67831064688,107,65,129.185648650601,94,71,96,67,65.0584169935191,79.4054634083084,285.724824184667,"Spring",93396,315293,612,132400,200643,114650,130000,2400,74799,231187,543,7649,314178,13284,11135,2149,1019,11666,278,30651,7587,6536,16528,92.6,86.5,68.4,100
-0.92,"Open","No","No_or_limited_measures","Omicron BA.2",5034,94.6685475105504,114,25,129.237538865279,165,83,86,52,42.6349050138944,52.9114219946554,286.730111900471,"Spring",74479,315293,136,132400,200643,114650,130000,2400,55341,188812,136,12482,256771,11887,10057,1830,940,11774,286,12756,5636,2693,4427,92.6,86.5,68.3,105
17.75,"Open","No","No_or_limited_measures","Omicron BA.2",4995,94.6587853870563,99,92,129.289580876522,93,83,91,81,92.7277229415909,99.2976625292321,287.706479534949,"Spring",66757,315293,168,132400,200643,114650,130000,2400,48023,139114,168,9210,196515,9023,7768,1255,906,11776,293,25693,12021,6142,7530,92.6,86.5,68.3,107
17.75,"Open","No","No_or_limited_measures","Omicron BA.2",4956,94.6490257686135,99,91,129.341574671305,102,76,95,80,77.8419228692339,90.5475358954249,288.654095522358,"Spring",75576,407293,1250,132400,200643,206650,130000,2400,46234,146975,360,10941,204510,8356,7240,1116,826,11992,304,60944,27465,15009,18470,92.6,86.5,68.3,103
17.75,"Open","No","No_or_limited_measures","Omicron BA.2",4910,94.6392680271716,107,66,129.393455902792,84,73,97,67,64.2047705678877,82.3326410138941,289.573128296956,"Spring",87359,407293,2123,132400,200643,206650,130000,2400,55573,211136,625,12403,279737,9995,8614,1381,1001,12529,305,40403,11491,9533,19379,92.5,86.5,68.3,103
17.75,"Open","No","No_or_limited_measures","Omicron BA.2",4891,94.629508933565,106,69,129.44541280348,102,76,96,69,69.6276113647631,82.135062304328,290.463746292998,"Spring",95280,407282,2693,132400,200632,206650,130000,2400,62227,238402,692,14483,315804,11587,9892,1695,1074,13102,302,43416,11079,9624,22713,92.5,86.5,68.3,124
17.75,"Open","No","No_or_limited_measures","Omicron BA.2",4865,94.6197448973417,107,68,129.497404117778,88,72,93,68,67.4818811558589,80.5381061186994,291.326117944741,"Spring",106614,407282,2574,132400,200632,206650,130000,2400,68080,230056,576,14039,312751,13038,11132,1906,1227,13735,310,41138,9609,8324,23205,92.5,86.5,68.2,128
17.75,"Open","No","No_or_limited_measures","Omicron BA.2",4832,94.6099758211757,107,67,129.549336764582,101,74,95,69,66.9819020010693,81.6013162858031,292.160411686443,"Spring",121121,407282,2983,132400,200632,206650,130000,2400,82913,236917,812,10545,331187,14555,12459,2096,1248,14166,326,37875,9541,8424,19910,92.5,86.4,68.2,119
17.75,"Open","No","No_or_limited_measures","Omicron BA.2",4808,94.6002071752077,109,64,129.601298366209,97,74,95,66,60.9814878332628,79.2602891169016,292.966795952358,"Spring",99673,407282,4136,132400,200632,206650,130000,2400,76639,296537,494,12445,386115,17107,14438,2669,1279,14984,320,33099,8959,7976,16164,92.4,86.4,68.1,126
1.99,"Open","No","No_or_limited_measures","Omicron BA.2",4810,94.590447022545,100,92,129.653289457854,113,74,90,78,84.6553254943807,92.7931749400566,293.745439176742,"Spring",76615,407282,162,132400,200632,206650,130000,2400,49787,181605,162,13456,245010,14714,12700,2014,1189,15048,324,34453,15624,8241,10588,92.4,86.4,68.1,127
1.99,"Open","No","No_or_limited_measures","Omicron BA.2",4820,94.5806985361233,101,90,129.705235808087,84,73,93,77,79.0356613697062,85.7795894112255,294.496509793863,"Spring",89376,407282,255,132400,200632,206650,130000,2400,51237,185650,255,13407,250549,13204,11608,1596,1204,15157,325,68823,31918,16861,20044,92.4,86.4,68.1,140
1.99,"Open","No","No_or_limited_measures","Omicron BA.2",4816,94.5709538497372,109,65,129.757177322857,86,69,95,65,61.9137556036089,79.9693413241334,295.220176237963,"Spring",100519,407282,2954,132400,200632,206650,130000,2400,59771,253176,886,16075,329908,15689,13585,2104,1366,15971,325,42552,15821,10316,16415,92.3,86.4,68.1,145
1.99,"Open","No","No_or_limited_measures","Omicron BA.2",4789,94.5611966227777,107,66,129.809148098055,117,73,96,66,66.8837021150029,79.6911213085396,295.916606943306,"Spring",116479,407168,3287,132400,200518,206650,130000,2400,66256,276805,1199,17429,361689,18445,16004,2441,1435,16505,338,46000,17230,10706,18064,92.3,86.4,68,157
1.99,"Open","No","No_or_limited_measures","Omicron BA.2",4795,94.5514151928221,108,65,129.86110603413,115,71,95,65,65.5293746529455,79.6188906683078,296.58597034415,"Spring",126525,407168,2733,132400,200518,206650,130000,2400,73039,274412,896,13373,361720,21429,18650,2779,1509,17448,349,43665,14416,10974,18275,92.3,86.3,68,154
1.99,"Open","No","No_or_limited_measures","Omicron BA.2",4763,94.5416179646215,109,61,129.913056649467,94,68,94,62,59.1341856049658,75.2759305967532,297.228434874747,"Spring",111134,407168,2122,132400,200518,206650,130000,2400,86599,300600,642,5516,393357,25753,22221,3532,1622,17991,336,42805,15137,11105,16563,92.3,86.3,68,154
1.99,"Open","No","No_or_limited_measures","Omicron BA.2",4784,94.531835312681,115,24,129.965025219726,149,76,87,48,37.2144779368042,49.4938143141436,297.844168969356,"Spring",102782,407168,161,132400,200518,206650,130000,2400,70332,265208,161,202,335903,25178,21927,3251,1666,17538,326,14171,6040,3541,4590,92.2,86.3,67.9,166
-6,"Open","No","No_or_limited_measures","Omicron BA.2",4771,94.5220982211109,98,79,130.016988793339,124,61,61,74,79.3743065673459,85.7813943138307,298.433341062237,"Spring",74438,407168,283,132400,200518,206650,130000,2400,49701,200078,283,10893,260955,20140,17841,2299,1489,17637,328,10429,4823,2643,2963,92.2,86.3,67.9,159
-6,"Open","No","No_or_limited_measures","Omicron BA.2",4753,94.5124048812373,101,80,130.068939878216,103,67,91,71,68.6833177750962,81.9080800077624,298.996119587644,"Spring",76572,407168,352,132400,200518,206650,130000,2400,45594,200108,352,12112,258166,19915,17788,2127,1449,17806,332,41354,18165,11301,11888,92.2,86.3,67.9,163
-6,"Open","No","No_or_limited_measures","Omicron BA.2",4756,94.5027050075368,114,30,130.120899161285,134,70,91,53,45.6685816807886,59.981958968333,299.532672979834,"Spring",85916,407168,413,132400,200518,206650,130000,2400,46758,241177,413,13239,301587,21609,19215,2394,1644,17885,320,23176,11444,5516,6216,92.2,86.3,67.9,166
-6,"Open","No","No_or_limited_measures","Omicron BA.2",4780,94.4929275894301,107,54,130.172861224368,121,81,101,65,64.1531600694247,72.6292836743994,300.043169673061,"Spring",101884,407192,3225,132400,200542,206650,130000,2400,58028,318499,1087,16008,393622,26630,23595,3035,1898,18589,349,55765,22841,13397,19527,92.2,86.3,67.9,187
-6,"Open","No","No_or_limited_measures","Omicron BA.2",4810,94.4830471161267,109,57,130.224816764085,110,75,93,63,63.5444748746759,69.0625735615132,300.527778101585,"Spring",135754,407173,2339,132400,200523,206650,130000,2400,70297,329049,825,17716,417887,31657,28099,3558,2112,19112,355,51119,19404,12621,19094,92.1,86.2,67.9,214
-6,"Open","No","No_or_limited_measures","Omicron BA.2",4839,94.4731374641587,109,57,130.276775971576,103,75,93,64,63.812716547145,68.5683006778129,300.986666699665,"Spring",124912,429173,2628,132400,200523,228650,130000,2400,77239,329234,969,8752,416194,33735,29787,3948,2243,19870,385,46831,17501,11541,17789,92.1,86.2,67.8,192
-6,"Open","No","No_or_limited_measures","Omicron BA.2",4815,94.4633443376447,109,55,130.328738702116,120,78,95,63,59.7509979931743,68.058051165868,301.420003901554,"Spring",116414,429173,2344,132400,200523,228650,130000,2400,86352,376964,753,9616,473685,37349,32851,4498,2112,20171,379,45244,15946,11969,17329,92.1,86.2,67.8,177
4.15,"Open","No","No_or_limited_measures","Omicron BA.2",4816,94.4537650131312,100,91,130.380696501143,105,76,90,77,87.3341952077049,91.3981430759226,301.827958141511,"Spring",92319,422173,247,132400,200523,221650,130000,2400,58472,255846,247,11774,326339,30929,27565,3364,1995,19737,372,34422,15276,8900,10246,92,86.2,67.8,191
4.15,"Open","No","No_or_limited_measures","Omicron BA.2",4786,94.4443189574234,101,89,130.432653877745,84,72,91,76,79.3632134540017,81.6686499022516,302.210697853788,"Spring",108183,422173,454,132400,200523,221650,130000,2400,60211,276754,454,9337,346756,27870,24827,3043,1906,19593,367,59533,25179,15933,18421,92,86.2,67.8,167
4.15,"Open","No","No_or_limited_measures","Omicron BA.2",4769,94.4347354382564,110,57,130.484614229439,85,69,92,63,59.0284594002838,68.89137402838,302.568391472647,"Spring",120611,422173,2994,132400,200523,221650,130000,2400,69034,364764,1128,12403,447329,32960,29233,3727,2000,20165,355,41261,12200,11673,17388,92,86.1,67.7,228
4.15,"Open","No","No_or_limited_measures","Omicron BA.2",4741,94.4247415296654,110,58,130.536572949811,89,72,90,62,64.7194500509413,68.4644990083369,302.901207432343,"Spring",134066,422173,2621,132400,200523,221650,130000,2400,75472,395892,1276,13150,485790,38666,34123,4543,2266,20451,357,38590,11340,11097,16153,91.9,86.1,67.7,223
4.15,"Open","No","No_or_limited_measures","Omicron BA.2",4715,94.4143683978089,110,58,130.588530927665,75,68,85,61,62.6296760849443,66.9467964210666,303.209314167135,"Spring",160910,422173,1404,132400,200523,221650,130000,2400,87329,428394,1396,12913,530032,44716,39502,5214,2438,20544,361,39169,12369,10590,16210,91.9,86.1,67.7,191
4.15,"Open","No","No_or_limited_measures","Omicron BA.2",4690,94.4040793697396,110,57,130.640491027716,91,70,89,61,61.4897113417467,68.5098880648738,303.492880111276,"Spring",167828,422173,1179,132400,200523,221650,130000,2400,94385,435447,1055,9323,540210,49066,43445,5621,2589,20522,364,35680,11373,9877,14430,91.9,86.1,67.6,197
4.15,"Open","No","No_or_limited_measures","Omicron BA.2",4653,94.3944875160666,111,56,130.692450587932,82,69,89,60,57.9378927353904,65.840691677403,303.752073699025,"Spring",129498,422173,1686,132400,200523,221650,130000,2400,88673,477804,1033,9732,577242,53758,47404,6354,2456,20540,351,36218,11137,10355,14726,91.9,86.1,67.6,172
-1.78,"Open","No","No_or_limited_measures","Omicron BA.2",4601,94.3857931881405,101,90,130.744408829846,96,76,88,76,93.8867387631419,88.6737418282715,303.987063364637,"Spring",140104,422173,233,132400,200523,221650,130000,2400,65486,377186,233,12783,455688,42183,37596,4587,2303,20085,342,25751,7500,9079,9172,91.9,86,67.6,179
-1.78,"Open","No","No_or_limited_measures","Omicron BA.2",4600,94.3773366901694,102,88,130.796367963168,71,70,90,71,76.4236302486497,79.7675633298129,304.198017542375,"Spring",127638,422173,574,132400,200523,221650,130000,2400,60746,363827,574,13154,438301,37592,33596,3996,2083,19729,350,44956,10890,16918,17148,91.8,86,67.6,183
-1.78,"Open","No","No_or_limited_measures","Omicron BA.2",4588,94.3678008766926,109,65,130.848327310956,75,69,92,62,61.6126943537108,78.6359875474015,304.385104666486,"Spring",193607,422173,2011,132400,200523,221650,130000,2400,73486,507172,1066,20449,602173,47482,42278,5204,2144,20070,352,32423,4992,11708,15723,91.8,86,67.5,202
-1.78,"Open","No","No_or_limited_measures","Omicron BA.2",4569,94.3563476022863,108,66,130.900285901399,76,71,91,63,65.3634490147408,78.0939711521166,304.548493171224,"Spring",203750,849419,3359,132400,200534,647000,130000,4285,79518,548304,1331,17335,646488,54794,48596,6198,2428,19735,356,34109,5035,12548,16526,91.8,86,67.5,182
-1.78,"Open","No","No_or_limited_measures","Omicron BA.2",4460,94.343817807132,109,65,130.952244942243,86,70,91,63,63.7549701372204,77.6913818327314,304.688351490852,"Spring",230178,850013,3333,132400,200534,647000,130000,4879,91756,604845,1784,19944,718329,73667,64995,8672,2687,19687,359,34820,5513,12584,16723,91.8,85.9,67.5,178
-1.78,"Open","No","No_or_limited_measures","Omicron",4361,94.3325913002462,109,64,131.004204386242,85,71,90,64,64.7798045511091,76.4907646487031,304.804848059626,"Spring",248577,850678,2604,132400,200534,647000,130000,5544,100906,607903,1368,13091,723268,80139,70625,9514,2561,19548,365,31416,4865,11424,15127,91.8,85.9,67.5,187
-1.78,"Open","No","No_or_limited_measures","Omicron",4247,94.3249540287193,109,63,131.056163300392,109,73,93,63,59.5109465037934,75.8752174235426,304.898151311801,"Spring",194074,850976,1171,132400,200534,647000,130000,5842,99326,620615,752,13256,733949,92902,81530,11372,2558,19299,363,30520,4823,10970,14727,91.8,85.9,67.4,174
2.02,"Open","No","No_or_limited_measures","Omicron",4126,94.3206901801878,99,90,131.108122184651,93,77,89,77,84.6171841333032,89.7103646530519,304.968429681632,"Spring",159223,841005,327,132400,200534,640000,130000,2871,59217,521493,327,15407,596444,68326,60591,7735,2246,18530,344,23186,7627,8042,7517,91.8,85.9,67.4,156
2.02,"Open","No","No_or_limited_measures","Omicron",3968,94.3155421527875,99,89,131.160081382414,111,78,96,80,83.815770424858,89.9949391580205,305.015851603381,"Spring",171266,841501,985,132400,200534,640000,130000,3367,65736,483449,985,14853,565023,61460,54968,6492,2137,17805,345,46855,10716,18803,17336,91.8,85.9,67.4,160
2.02,"Open","No","No_or_limited_measures","Omicron",3848,94.3038421151727,108,65,131.21204036954,108,74,96,67,63.9705638591856,82.3159758978753,305.040585511304,"Spring",213138,844868,3630,132400,200534,640000,130000,6734,80492,608604,2242,19975,711313,72443,64433,8010,2245,17866,333,37132,5686,13326,18120,91.8,85.8,67.4,175
2.02,"Open","No","No_or_limited_measures","Omicron",3780,94.2844924468685,108,66,131.263999276558,118,76,95,65,67.2838222503289,80.4847790827543,305.042799839657,"Spring",226954,846107,3982,132400,200545,640000,130000,7962,83645,637217,2744,17876,741482,82905,73627,9278,2356,17614,330,33618,5094,11725,16799,91.7,85.8,67.3,158
2.02,"Open","No","No_or_limited_measures","Omicron",3777,94.2636170674697,108,66,131.315958430165,118,74,93,65,65.6782567828608,79.9020224665697,305.022663022694,"Spring",271312,853966,3820,132400,200545,640000,130000,15821,94811,690512,2941,30105,818369,94180,83443,10737,2500,17140,302,20030,0,4283,18010,91.7,85.8,67.3,155
2.02,"Open","No","No_or_limited_measures","Omicron",3778,94.251942781925,108,65,131.367917527821,115,73,92,64,64.6402994275715,79.903461828861,304.980343494671,"Spring",268138,846526,5077,132400,200545,640000,130000,8381,95708,686792,3703,17029,803232,99093,87745,11348,2432,16903,316,34582,4631,11840,18111,91.7,85.8,67.3,161
2.02,"Open","No","No_or_limited_measures","Omicron",3783,94.2575690608265,109,64,131.419876482168,114,73,94,62,59.8904756892851,78.4868276146583,304.916009689857,"Spring",197720,844576,1337,132400,200545,640000,130000,6431,95656,697452,1337,13730,808175,109322,96429,12893,2279,16484,299,33980,4505,12060,17415,91.7,85.8,67.2,155
-2.34,"Open","No","No_or_limited_measures","Omicron",3775,94.2731702993189,100,90,131.471835542451,105,77,89,77,88.466780215195,91.6800791531939,304.829830042492,"Spring",157616,848532,427,132400,200545,640000,130000,10387,65614,521457,427,22065,609563,81060,72193,8867,2036,15689,280,27587,7006,9708,10873,91.7,85.7,67.2,167
-2.34,"Open","No","No_or_limited_measures","Omicron",3781,94.2746268899368,101,89,131.523794619978,95,74,91,75,82.6099690997516,86.4524886157756,304.721972986841,"Spring",186919,841893,2015,132400,200545,640000,130000,3748,65462,519015,2015,14512,601004,67426,60608,6818,2061,15232,277,49834,10237,19104,20493,91.7,85.7,67.2,163
-2.34,"Open","No","No_or_limited_measures","Omicron",3778,94.2441647178026,109,65,131.575753597736,102,71,94,65,62.9822292932117,80.4518751025013,304.592606957162,"Spring",221709,845719,3961,132400,200545,640000,130000,7574,83429,632820,3857,17068,737174,75302,67411,7891,1963,15159,287,39136,4343,14641,20152,91.7,85.7,67.2,168
-2.34,"Open","No","No_or_limited_measures","Omicron",3779,94.1880511815788,108,66,131.627712629988,112,76,95,66,67.735449710465,81.4862399965898,304.441900387714,"Spring",234933,850050,6600,132400,200520,640000,130000,11930,82616,653500,5155,24407,765678,82860,73931,8929,2085,14923,292,38747,4201,14729,19817,91.7,85.7,67.1,137
-2.34,"Open","No","No_or_limited_measures","Omicron",3765,94.1370447808047,110,65,131.679671722095,71,66,85,64,65.3661144980229,77.8153697953277,304.270021712737,"Spring",266977,857527,6395,132400,200520,640000,130000,19407,92406,707966,5036,33111,838519,91780,81895,9885,2132,14475,281,36867,4009,14046,18812,91.7,85.6,67.1,141
-2.34,"Open","No","No_or_limited_measures","Omicron",3747,94.1434875984267,108,65,131.731630744839,99,70,91,65,64.2320026642967,79.9083556359253,304.077139366515,"Spring",259320,845952,4558,132400,200520,640000,130000,7832,106129,660425,2919,18090,787563,93683,83663,10020,2146,14305,281,39174,4262,14579,20333,91.7,85.6,67,119
-2.34,"Open","No","No_or_limited_measures","Omicron",3742,94.227263295578,109,64,131.783589762931,100,72,93,63,60.7438989478328,78.8201784861337,303.863421783284,"Spring",181915,842656,3034,132400,200520,640000,130000,4536,86939,680603,1475,13988,783005,99865,88979,10886,1991,13784,280,46287,4763,16929,24595,91.7,85.6,67,137
-2.93,"Open","No","No_or_limited_measures","Omicron",3723,94.3127148505894,102,90,131.835548838527,81,75,86,76,90.7932937965566,88.5179173735392,303.629037397304,"Spring",151815,838514,525,132400,200520,634000,130000,6394,61899,518384,525,19810,600618,75738,67831,7907,1827,13034,257,26142,3851,10520,11771,91.7,85.6,67,108
-2.93,"Open","No","No_or_limited_measures","Omicron",3706,94.3032198652674,101,89,131.887507870533,81,75,91,75,80.9717619069917,87.4519475003195,303.374154642838,"Spring",170796,834520,2514,132400,200520,634000,130000,2400,67155,484611,2514,15788,570068,62062,55906,6156,1628,12658,252,50387,8047,19735,22605,91.6,85.6,66.9,117
-2.93,"Open","No","No_or_limited_measures","Omicron",3693,94.1707366436467,110,65,131.93946686514,71,67,89,63,62.4114958158061,78.4667033631023,303.098941954144,"Spring",198668,834520,4231,132400,200520,634000,130000,2400,82474,600169,3998,10308,696949,67038,60377,6661,1736,12346,254,39134,4438,14366,20330,91.6,85.5,66.9,119
-2.93,"Open","No","No_or_limited_measures","Omicron",3677,93.9402541889129,108,66,131.991425927992,101,72,92,64,65.9729644663026,79.8470186635414,302.803567765466,"Spring",223076,834496,3849,132400,200496,634000,130000,4726,83174,626200,2976,17855,730205,70507,63266,7241,1719,12173,253,39663,4765,14282,20616,91.6,85.5,66.9,113
-2.93,"Open","No","No_or_limited_measures","Omicron",3674,93.8004773990316,109,65,132.043384991685,92,71,91,63,64.3978069972282,78.9471758422608,302.488200511074,"Spring",222592,834496,5279,132400,200496,634000,130000,2400,94927,631280,3987,15290,745484,73521,66026,7495,1832,11975,266,41773,5196,15331,21246,91.6,85.5,66.8,104
-2.93,"Open","No","No_or_limited_measures","Omicron",3669,94.022216767432,108,64,132.095343991809,96,72,94,64,64.7456679382741,79.4086600364918,302.153008625224,"Spring",229791,834496,4752,132400,200496,634000,130000,2400,105444,594351,3028,11478,714301,70123,62968,7155,1699,11856,275,39314,4564,14655,20095,91.6,85.4,66.8,117
-2.93,"Open","No","No_or_limited_measures","Omicron",3645,94.4576337659435,109,63,132.147303053235,99,74,93,62,60.4707594926014,78.4310588466068,301.798160542171,"Spring",180822,834496,3538,132400,200496,634000,130000,2400,99720,615132,1352,12229,728433,68541,61150,7391,1531,11533,269,37439,4596,13522,19321,91.6,85.4,66.8,123
-0.25,"Open","No","No_or_limited_measures","Omicron",3641,94.6868715047813,101,92,132.19926214795,94,78,89,74,82.669457497965,90.9818755721579,301.423824696158,"Spring",134582,834496,460,132400,200496,634000,130000,2400,66683,449042,460,13492,529677,49021,44192,4829,1455,11057,263,28355,4059,9894,14402,91.6,85.4,66.7,91
-0.25,"Open","No","No_or_limited_measures","Omicron",3619,94.5857440625097,103,89,132.251221116958,67,74,90,73,76.6810048745324,83.3476724746107,301.03016952146,"Spring",159436,834498,2584,132400,200496,634000,130000,2402,70462,420545,2584,11662,505253,38752,35193,3559,1246,10911,256,52648,8168,18808,25672,91.6,85.4,66.7,101
-0.25,"Open","No","No_or_limited_measures","Omicron",3600,93.8719775890721,109,65,132.303180110898,78,71,93,65,55.6906960743519,81.6663093085671,300.617363452327,"Spring",183390,834751,4207,132400,200496,634000,130000,2655,84235,530785,2744,12662,630426,41396,37409,3987,1370,10913,257,48500,6688,16561,25251,91.6,85.3,66.7,109
-0.25,"Open","No","No_or_limited_measures","Omicron",3592,92.7353327555503,111,60,132.35513923426,99,70,95,57,4.09305245011227,87.5444076119375,300.18557492302,"Spring",198536,836698,5264,132400,200505,634000,130000,4593,85220,561583,3370,17044,667217,43750,39521,4229,1476,10715,264,54159,6347,17629,30183,91.6,85.3,66.6,100
-0.25,"Open","No","No_or_limited_measures","Omicron",3559,92.8303567674981,110,63,132.407098237024,79,71,92,65,52.4818906150859,81.6312652897829,299.734972367788,"Spring",204568,837700,4826,132400,200505,634000,130000,5595,81359,598435,3192,20173,703159,46162,41604,4558,1457,10857,279,45484,7448,14410,23626,91.5,85.3,66.6,145
-0.25,"Open","No","No_or_limited_measures","Omicron",3529,94.4722062159119,111,58,132.459057217283,82,67,92,59,4.02282453992337,88.161851875912,299.265724220902,"Spring",200882,836619,3274,132400,200505,634000,130000,4514,88101,550016,2664,13079,653860,44780,40533,4247,1363,10929,278,43493,5810,15004,22679,91.5,85.3,66.5,104
-0.25,"Open","No","No_or_limited_measures","Omicron",3497,95.6283657575188,109,63,132.511016434775,103,76,96,64,60.4802955334324,78.3628745881113,298.777998916618,"Winter",159872,838056,1204,132400,200286,637500,130000,2670,85593,611140,1150,11791,709674,44633,40320,4313,1401,10968,290,43518,5788,14302,23428,91.5,85.2,66.5,105
-4.46,"Open","No","No_or_limited_measures","Omicron",3458,96.6154476731937,100,93,132.562975479985,128,84,91,80,91.6784798177751,90.553326337971,298.271964889182,"Winter",122933,838412,148,132400,200505,637500,130000,2807,56775,463374,148,15016,535313,31360,28533,2827,1100,10740,271,31157,4841,10606,15710,91.5,85.2,66.4,117
-4.46,"Open","No","No_or_limited_measures","Omicron",3435,96.0308029720976,101,91,132.614934260092,101,81,93,79,80.9962312264774,84.5400382449489,297.747790572862,"Winter",147150,841605,3022,132400,200505,637500,130000,6000,58127,414432,3022,16537,492118,25088,22952,2136,1084,10585,255,57591,9471,19652,28468,91.5,85.2,66.4,99
-4.46,"Open","No","No_or_limited_measures","Omicron",3396,90.5261616732744,109,65,132.666893393139,102,76,97,67,65.1145966087986,80.3952650841175,297.205644401901,"Winter",163992,828005,5510,132400,200505,627500,130000,2400,71189,525019,4422,15244,615874,27838,25290,2548,1106,10863,271,53694,8109,16370,29215,91.5,85.2,66.4,119
-4.46,"Open","No","No_or_limited_measures","Omicron",3394,87.0046346302097,110,64,132.718852558728,88,75,92,65,68.4228920878562,77.7140050995143,296.64569481057,"Winter",191576,841989,4578,132400,200297,637500,130000,6592,82972,586857,3881,16300,690010,30617,27728,2889,1223,10997,289,49977,7963,15838,26176,91.5,85.1,66.3,123
-4.46,"Open","No","No_or_limited_measures","Omicron",3483,93.1149963020911,109,64,132.770811301344,102,75,94,65,65.6712752630779,78.157029156634,296.068110233119,"Winter",211980,844720,5948,132400,200297,637500,130000,9323,78414,654564,4408,23055,760441,36462,33023,3439,1244,11288,304,56718,8985,17951,29782,91.5,85.1,66.3,116
-4.46,"Open","No","No_or_limited_measures","Omicron",3345,95.8678696852117,109,62,132.822770556563,98,75,94,65,64.0617919931617,77.5877683494182,295.473059103813,"Winter",221062,841167,7611,132400,200297,637500,130000,5770,95228,622851,5707,15657,739443,39144,35383,3761,1179,11330,312,56800,8291,17904,30605,91.4,85.1,66.2,116
-4.46,"Open","No","No_or_limited_measures","Omicron",3341,100.656172619185,111,60,132.874730110661,97,74,94,59,56.7540089849677,74.7210983301376,294.860709856892,"Winter",180797,835119,3395,132400,200297,633400,130000,3822,97295,720585,2661,13602,834143,45116,40826,4290,1239,11617,324,52573,7411,16008,29154,91.4,85,66.2,105
-4.23,"Open","No","No_or_limited_measures","Omicron",3314,110.863453719256,103,89,132.926688613634,71,71,84,67,73.7465678931276,78.6799314685839,294.231230926635,"Winter",148836,831402,3496,132400,200297,630380,130000,3125,66370,625030,3496,13236,708132,37681,34311,3370,1137,11424,334,34636,5470,10564,18602,91.4,85,66.1,123
-4.23,"Open","No","No_or_limited_measures","Omicron",3296,94.83,104,87,132.978647263576,67,71,88,70,71.936946825196,75.83007126992,293.584790747271,"Winter",154842,833849,1888,132400,200297,630350,130000,5602,63241,497796,1888,14724,577649,34644,31608,3036,1013,11498,328,64425,10773,20776,32876,91.4,85,66.1,121
-4.23,"Open","No","No_or_limited_measures","Omicron",3302,59.21,119,50,133.030606926993,54,55,77,48,42.5612363198326,56.7026237683889,292.921557753084,"Winter",216118,839167,7260,132400,200297,630330,130000,10940,83181,594900,6220,23575,707876,33236,30221,3015,1100,11479,335,46264,5886,14700,25678,91.4,85,66,126
-4.23,"Open","No","No_or_limited_measures","Omicron",3273,89.22,110,55,133.082565500119,111,79,95,63,62.7851284283806,67.8108330334337,292.24170037831,"Winter",268714,846763,7155,132400,200295,630400,130000,18468,85269,782757,6989,31900,906915,44691,40419,4272,1186,11852,330,65210,9254,21378,34578,91.4,84.9,66,124
-4.23,"Open","No","No_or_limited_measures","Omicron",3242,90.11,111,54,133.13452403426,96,76,91,61,60.2266174469522,66.0798804536419,291.54538705722,"Winter",274456,841223,5627,132400,200295,629880,130000,13448,95729,850386,4507,26936,977558,51546,46703,4843,1373,12003,359,67808,10914,21914,34980,91.4,84.9,65.9,126
-4.23,"Open","No","No_or_limited_measures","Omicron",3397,86.17,112,53,133.186484798002,78,71,85,60,58.5657476011446,62.5178414900011,290.832786224063,"Winter",286091,836931,4256,132400,200295,629850,130000,9186,106263,763482,2651,18802,891198,52492,47522,4970,1372,12341,354,86375,9091,19482,57802,91.3,84.9,65.9,131
-4.23,"Open","No","No_or_limited_measures","Omicron",3388,159.98,111,53,133.238444049115,109,86,99,61,58.985887903971,67.5363145735357,290.104066313097,"Winter",185674,753483,1636,132400,200295,552830,130000,2758,97626,792450,1129,12088,903293,54686,49488,5198,1352,12544,393,58329,8107,18172,32050,91.3,84.8,65.8,151
-3.26,"Open","No","No_or_limited_measures","Omicron",3358,96.41,103,89,133.290400923435,73,75,84,72,80.2127051226803,83.4834313779502,289.359395758583,"Winter",181995,833411,867,132400,200295,629750,130000,5766,72675,691781,867,19626,784949,41737,37944,3793,1187,12310,384,40117,7494,13623,19000,91.3,84.8,65.7,126
-3.26,"Open","No","No_or_limited_measures","Omicron",3312,97.32,102,89,133.342360756184,91,76,91,74,74.5439947280989,81.7926263794025,288.598942994775,"Winter",237365,834624,6283,132400,200295,629750,130000,6979,72007,626686,6283,18626,723602,37430,34166,3264,1148,12258,400,81592,15181,26309,40102,91.3,84.8,65.7,143
-3.26,"Open","No","No_or_limited_measures","Omicron",3257,79.9,110,64,133.394320455908,99,74,95,64,58.8723535670033,76.7173478318772,287.822876455929,"Winter",287231,833486,5054,132400,200295,629750,130000,5841,90538,810538,4536,18876,924488,44557,40498,4059,1188,12597,416,79650,11075,25884,42691,91.3,84.7,65.6,140
-3.26,"Open","No","No_or_limited_measures","Omicron",3210,63.56,110,63,133.446276500133,98,74,94,63,61.0909321621047,77.018202493024,287.031364576294,"Winter",304236,830035,8536,132400,200285,629750,130000,2400,89716,930507,6771,18897,1045891,52279,47139,5140,1346,13015,430,72107,11614,26290,34203,91.3,84.7,65.5,121
-3.26,"Open","No","No_or_limited_measures","Omicron",3090,75.5,110,63,133.498237659485,104,74,93,63,59.9491142410371,76.3742904034915,286.224575790148,"Winter",325211,830035,8230,132400,200285,629750,130000,2400,101481,1049926,6153,18853,1176413,64303,57950,6353,1426,13408,432,67724,10523,24725,32476,91.2,84.6,65.5,142
-3.26,"Open","No","No_or_limited_measures","Omicron",2983,68.74,110,62,133.550201772405,105,73,93,62,59.7098089555527,76.135774145696,285.402678531727,"Winter",356195,830035,2407,122400,200285,629750,120000,2400,114874,949132,995,13194,1078195,69624,62764,6860,1477,13845,430,67245,10804,24721,31720,91.2,84.6,65.4,157
-3.26,"Open","No","No_or_limited_measures","Omicron",2915,60.17,111,62,133.602156540966,111,74,94,60,55.3168437984068,75.5941361032999,284.565841235293,"Winter",220186,806035,2314,122400,200285,605750,120000,2400,97053,1030371,879,13392,1141695,76461,68661,7800,1431,14094,443,65594,10106,22861,32627,91.2,84.5,65.4,136
-3.3,"Open","No","No_or_limited_measures","Omicron",2902,87.13,103,90,133.654112612062,88,75,86,69,72.7170794771295,80.8980311730468,283.714232335111,"Winter",217320,1030035,385,122400,200285,829750,120000,2400,80379,909733,385,16972,1007469,60535,54621,5914,1350,13901,441,44731,8321,16605,19805,91.2,84.5,65.3,155
-3.3,"Open","No","No_or_limited_measures","Omicron",2873,92.84,103,89,133.706076508271,88,76,91,73,73.3475755999301,78.9085071648268,282.848020265429,"Winter",279625,1030035,575,122400,200285,829750,120000,2400,74636,754446,575,15385,845042,52301,47537,4764,1245,13999,458,80687,14794,28195,37698,91.2,84.5,65.3,166
-3.3,"Open","No","No_or_limited_measures","Omicron",2786,80.1,111,64,133.758029791561,83,70,92,62,56.8889462262764,75.838126494171,281.967373460505,"Winter",329023,1030035,3161,122400,200285,829750,120000,2400,91570,954258,1462,16917,1064207,63188,57312,5876,1420,14481,474,82228,15151,29181,37896,91.1,84.4,65.2,157
-3.3,"Open","No","No_or_limited_measures","Omicron",2709,93.25,111,64,133.809983692941,97,73,94,61,58.9261715631014,75.3351426993847,281.072460354601,"Winter",373107,1027106,3442,122400,200106,827000,120000,2400,95300,1106491,1472,19345,1222608,76618,69084,7534,1491,14913,478,78355,13343,26099,38913,91.1,84.4,65.1,189
-3.3,"Open","No","No_or_limited_measures","Omicron",2637,69.87,111,63,133.861959104096,102,72,93,61,56.539911194336,75.1701894586057,280.16344938197,"Winter",380664,1027106,2715,122400,200106,827000,120000,2400,102614,1214336,1023,19683,1337656,88400,79724,8676,1662,15101,483,78777,12466,27274,39037,91.1,84.3,65.1,181
-3.3,"Open","No","No_or_limited_measures","Omicron",2570,64.28,111,62,133.913921420385,104,72,94,61,56.6305770815533,75.664386830897,279.240508976872,"Winter",384337,1042106,2426,122400,200106,842000,120000,2400,109457,1063914,982,12931,1187284,93763,84207,9556,1771,15490,502,77086,12735,26367,37984,91.1,84.3,65,200
-3.3,"Open","No","No_or_limited_measures","Omicron",2508,60.42,111,61,133.965863529891,102,73,93,58,53.449011097502,74.1771719926892,278.303807573554,"Winter",224512,1017106,1952,122400,200106,817000,120000,2400,103601,1116915,931,15193,1236640,104922,94188,10734,1662,15938,511,78666,15329,24275,39062,91,84.2,64.9,201
-3.89,"Open","No","No_or_limited_measures","Omicron",2438,89.33,102,91,134.017830205956,115,78,88,71,71.7231604796399,84.6736078166817,277.35351360628,"Winter",257312,1020856,266,122400,200106,820750,120000,2400,77182,1034987,266,16549,1128984,87555,78991,8564,1426,15583,520,72984,11684,27601,33699,91,84.2,64.9,188
-3.89,"Open","No","No_or_limited_measures","Omicron",2382,97.38,103,90,134.06979143158,92,76,91,72,68.1245443684695,79.9724961902172,276.389795509311,"Winter",298281,1020856,564,122400,200106,820750,120000,2400,67994,843475,564,11821,923854,73502,66852,6650,1451,15297,527,113276,18946,40329,54001,91,84.1,64.8,178
-3.89,"Open","No","No_or_limited_measures","Omicron",2378,85.96,111,64,134.121718867856,91,71,93,60,54.8046336095979,75.3373381523026,275.412821716899,"Winter",360013,1020856,1503,122400,200106,820750,120000,2400,89788,1055016,1428,13975,1160207,84018,76109,7909,1529,16170,535,108307,16949,33935,57423,91,84.1,64.7,199
-3.89,"Open","No","No_or_limited_measures","Omicron",2381,73.14,112,62,134.173696877349,97,70,92,57,54.3126941400247,73.2226492658469,274.422760663295,"Winter",388869,1020846,4007,122400,200096,820750,120000,2400,90720,1177090,1402,17251,1286463,96183,86816,9367,1685,16396,549,98610,15706,29948,52956,90.9,84,64.6,211
-3.89,"Open","Yes","Social_distancing","Omicron",2396,68.91,113,61,134.225703699415,95,69,91,56,52.4837214332108,72.6571919266873,273.419780782772,"Winter",407194,1020846,1099,122400,200096,820750,120000,2400,100842,1324798,1099,15589,1442328,108652,97928,10724,1881,16736,561,100741,15358,30919,54464,90.9,84,64.5,195
-3.89,"Open","Yes","Social_distancing","Omicron",2400,59.3,113,60,134.277631423409,84,67,89,56,51.7389720155606,71.7476275231169,272.404050509566,"Winter",417982,1020928,3692,122400,200096,820750,120000,2482,116340,1144661,1188,13215,1275404,113162,101940,11222,1899,16813,575,96266,13936,28788,53542,90.9,83.9,64.4,194
-3.89,"Open","Yes","Social_distancing","Omicron",2400,48.49,113,60,134.329571358165,96,69,91,55,49.1840168358277,71.5164045345308,271.375738277953,"Winter",266172,1011064,2305,122400,200096,810750,120000,2618,99847,1241753,986,12441,1355027,127331,114687,12644,1785,17396,598,101715,16005,29833,55877,90.9,83.9,64.3,221
-4.32,"Open","Yes","Social_distancing","Omicron",2398,81.57,104,90,134.381571601515,91,74,85,66,71.8104423604413,78.4238701827491,270.33501252217,"Winter",268816,1002116,403,122400,200096,800750,120000,3670,81055,1129269,403,17942,1228669,102327,92584,9743,1691,17114,603,85700,12266,30710,42724,90.8,83.8,64.2,217
-4.32,"Open","Yes","Social_distancing","Omicron",2398,83.67,105,89,134.433462796867,80,71,89,66,66.1300542612315,74.7727680883181,269.282041676493,"Winter",329343,1003893,662,122400,200096,800700,120000,5497,76258,936386,662,25030,1038336,81715,74535,7180,1439,17147,625,141366,20378,47765,73223,90.8,83.8,64.2,218
-4.32,"Open","Yes","Social_distancing","Omicron",2400,69.41,113,62,134.485366546193,81,67,91,57,50.8946021252574,72.8001464860487,268.216994175161,"Winter",376270,1004976,1828,122400,200096,800700,120000,6580,95878,1109554,1314,13633,1220379,91562,83156,8406,1676,17780,640,123034,17532,34034,71468,90.8,83.7,64,246
-4.32,"Open","Yes","Social_distancing","Omicron",2397,62.61,113,61,134.537471142752,90,69,91,55,51.4931100477484,72.5906161557818,267.140038452434,"Winter",427700,993726,3428,122400,200065,788700,120000,7361,100363,1245405,1710,24409,1371887,100314,91034,9280,1912,18219,664,116683,17806,33674,65203,90.7,83.6,63.9,198
-4.32,"Open","Yes","Social_distancing","Omicron",2390,59.09,113,60,134.589472732869,89,67,90,54,48.9127472969954,71.205590357457,266.051342942564,"Winter",448033,997111,3358,122400,200065,788700,120000,10746,110451,1399104,1261,24841,1535657,111749,101241,10508,1991,18730,675,113612,16949,29893,66770,90.7,83.6,63.8,216
-4.32,"Open","Yes","Social_distancing","Omicron",2383,54.15,113,58,134.641306355222,90,66,89,54,48.2063422743661,71.5847972153414,264.951076079819,"Winter",431505,993348,3203,122400,200065,788700,120000,6983,109703,1184006,1359,18702,1313770,118736,107494,11242,2013,19227,703,122554,18032,29434,75088,90.7,83.5,63.7,226
-4.32,"Open","Yes","Social_distancing","Omicron",2386,49.46,113,59,134.693355772017,109,69,92,54,46.8686975595529,71.4933736315255,263.839406298445,"Winter",265292,960181,2808,122400,200065,758700,120000,3816,107545,1259476,1082,14644,1382747,131503,118970,12533,2028,19664,713,115517,15748,26502,73267,90.7,83.4,63.6,228
-3.89,"Open","Yes","Social_distancing","Omicron",2396,77.41,104,91,134.74530352795,103,72,86,64,64.62158926898,78.5116973487374,262.716502032706,"Winter",277616,954648,419,122400,200065,743700,120000,13283,79042,1169057,419,27002,1275520,98075,89126,8949,1942,19429,715,115912,17700,37116,61096,90.6,83.4,63.4,250
-3.89,"Open","Yes","Social_distancing","Omicron",2417,83.11,105,88,134.796936617297,75,68,88,64,59.8331910681829,73.5210414237686,261.582531716852,"Winter",363397,957480,608,122400,200065,753700,120000,6115,74039,970727,608,25719,1071093,77926,71289,6637,1788,19305,712,194251,27409,58050,108792,90.6,83.3,63.3,256
-3.89,"Open","Yes","Social_distancing","Omicron",2443,66.27,113,61,134.849035105485,88,66,92,55,48.589703093779,72.0339846348594,260.437663785157,"Winter",412732,965764,3736,122400,200065,753500,120000,14599,98379,1126592,1615,30671,1257257,86312,78637,7675,1941,19551,746,163764,20878,31182,111704,90.5,83.2,63.1,231
-3.89,"Open","Yes","Social_distancing","Omicron",2555,53.9,114,59,134.901432089466,95,66,92,52,46.858153077372,69.4386652031483,259.282066671855,"Winter",464296,938335,3768,122400,200206,723500,120000,17029,98184,1284431,1625,25078,1409318,96397,87537,8860,2167,19766,777,164567,20521,32197,111849,90.5,83.2,62.9,236
-3.89,"Open","Yes","Social_distancing","Omicron",2655,52.56,114,59,134.953162118204,100,67,91,53,46.7926599083846,69.5743578470429,258.115908811212,"Winter",518150,912799,2708,122400,200206,700250,120000,14743,111370,1430215,1440,29152,1572177,103207,93474,9733,2204,19931,785,176492,19520,30340,126632,90.5,83.1,62.7,236
-3.89,"Open","Yes","Social_distancing","Omicron",2760,43.57,115,57,135.005065759928,76,62,88,51,43.8838962331503,68.0267523176275,256.939358637492,"Winter",548619,876489,3515,122400,200206,670250,120000,8433,124429,1257097,1612,24711,1407849,115222,104428,10794,2419,19958,793,187650,19276,28790,139584,90.4,83.1,62.5,232
-3.89,"Open","Yes","Social_distancing","Omicron",2858,41.04,115,57,135.057395258586,90,66,92,52,42.9557770691096,67.8314937000008,255.752584584945,"Winter",507243,793106,3419,122400,200006,593100,120000,2400,106175,1475340,1353,38007,1620875,132814,120290,12524,2459,20057,821,194177,17954,26728,149495,90.4,83,62.3,238
1.24,"Open","Yes","Social_distancing","Omicron",3003,73.18,105,91,135.108641856855,106,72,87,62,59.7284958924162,76.4146238628105,254.555755087821,"Winter",589677,821819,506,122400,200006,616950,120000,7263,85802,1518038,506,30080,1634426,95759,86958,8801,2216,19250,816,195060,22205,31360,141495,90.4,83,62,238
1.24,"Open","Yes","Social_distancing","Omicron",3163,67.61,109,85,135.159952408744,48,59,80,55,48.8905595080017,62.5056758915469,253.349038580393,"Winter",580949,798733,2390,122400,200006,594800,120000,6327,83357,1214014,831,15876,1314078,93601,84978,8623,2099,18808,820,318409,31689,51715,235005,90.3,82.9,61.8,212
1.24,"Open","Yes","Social_distancing","Omicron",3329,54.88,116,58,135.213164187347,73,60,89,49,41.611364696498,65.5580136690878,252.132603496902,"Winter",659311,825790,3914,122400,200006,620250,120000,7934,109736,1464155,1948,12298,1588137,120276,108568,11708,2047,18872,840,280569,23422,35627,221520,90.3,82.8,61.4,222
1.24,"Open","Yes","Social_distancing","Omicron",3360,42.83,118,54,135.265518399402,74,59,88,47,38.9730039988403,63.9699686090277,250.906618271617,"Winter",674101,848951,2738,122400,200021,648930,120000,2400,118033,1668805,1777,10396,1799011,172959,154981,17978,2343,18690,868,289285,22741,34688,231856,90.2,82.8,61,215
1.24,"Open","Yes","Social_distancing","Omicron",3287,45.03,117,53,135.316687026353,84,62,90,47,38.9593947119992,62.9566294122311,249.671251338788,"Winter",658300,843801,2345,122400,200021,643780,120000,2400,130378,1921655,2321,3739,2058093,222133,199336,22797,2407,18213,875,318172,29030,41664,247478,90.2,82.7,60.6,176
1.24,"Open","Yes","Social_distancing","Omicron",3204,45.91,119,48,135.369702277312,64,59,87,44,35.2595905421444,55.643558491437,248.426671132679,"Winter",678728,965601,2536,122400,200021,765580,120000,2400,126703,1927558,1552,5228,2061041,275618,247277,28341,2400,17491,900,288577,24866,40887,222824,90.2,82.6,60.1,197
1.24,"Open","Yes","Social_distancing","Omicron",3239,105.05,123,24,135.421509090914,111,70,83,38,27.5935296653066,40.7466134247369,247.173046087537,"Winter",685185,928901,487,122400,200021,728880,120000,2400,92731,1626976,487,1573,1721767,229869,206326,23543,2479,16498,878,190278,19158,29295,141825,90.1,82.6,59.8,174
5.23,"Open","Yes","Social_distancing","Omicron",3247,89.91,106,82,135.470055303404,79,64,76,56,56.5746923587313,68.666355198998,245.910544637623,"Winter",558721,871051,569,122400,200021,671030,120000,2400,77831,1261382,569,19278,1359060,181063,163335,17728,2118,15306,864,140425,12449,16485,111491,90.1,82.5,59.5,168
5.23,"Open","Yes","Social_distancing","Omicron",3236,40.98,111,52,135.522955834366,81,39,49,46,31.0745235979007,38.3629658082638,244.639335217195,"Winter",405981,814201,579,122400,200021,614180,120000,2400,64949,978735,579,10490,1054753,118206,107606,10600,2076,14671,857,23907,2277,2758,18872,90.1,82.5,59.3,172
5.23,"Open","Yes","Social_distancing","Omicron",3236,46.3558127260459,119,33,135.578471250304,98,63,99,44,36.9360069794415,52.4995627012548,243.359586260509,"Winter",544040,864211,3221,122400,200021,664190,120000,2400,95605,1619073,1301,15890,1731869,188555,171317,17238,2108,14341,883,204514,15384,22070,167060,90.1,82.5,59.3,154
5.23,"Open","Yes","Social_distancing","Omicron",3211,75.139422152436,120,32,135.628957934885,94,70,94,42,34.2714047351505,51.052742830851,242.071466201824,"Winter",592140,899247,3522,122400,199867,699380,120000,2400,114693,1399321,1398,15023,1530435,236565,214646,21919,2405,13308,875,475032,33371,44107,397554,90,82.4,59,175
5.23,"Open","Yes","Social_distancing","Omicron",3133,93.95,120,32,135.681385174728,84,68,88,41,33.3411753376349,49.2694236710885,240.775143475391,"Winter",518473,879107,3308,122400,199867,679240,120000,2400,106245,1404863,1186,3443,1515737,272761,248835,23926,2635,12116,868,511666,32607,43766,435293,90,82.4,58.3,127
5.23,"Open","Yes","Social_distancing","Omicron",3203,43.73,122,22,135.737493989068,85,65,76,37,28.4092201673539,40.2682547757151,239.470786515472,"Winter",645448,878987,457,122400,199867,679120,120000,2400,100488,1386098,457,4310,1491353,212448,194075,18373,2315,11069,851,378480,23859,29534,325087,89.9,82.3,57.5,158
5.23,"Open","Yes","Social_distancing","Omicron",3195,45.5,120,20,135.782056094643,83,67,73,37,26.8039245261665,38.1023326612061,238.158563756323,"Winter",474443,776867,616,122400,199867,577000,120000,2400,81547,1234338,616,1085,1317586,194983,178935,16048,1973,9907,870,315382,18191,23706,273485,89.9,82.2,57,131
10.98,"Open","Yes","Social_distancing","Omicron",3253,30.5,105,62,135.827247425635,71,48,49,41,37.2310028523938,56.5944696551305,236.838643632202,"Winter",460386,798487,369,122400,199867,598620,120000,2400,62595,1200462,369,7476,1270902,116262,107286,8976,1547,8886,851,27002,1935,2084,22983,89.8,82.2,56.5,114
10.98,"Open","Yes","Social_distancing","Omicron",3317,14.35,115,29,135.888518356052,40,13,18,13,33.328254362055,52.6675977097855,235.511194577363,"Winter",424420,798557,409,122400,199867,598690,120000,2400,42512,1098634,409,17343,1158898,70357,65264,5093,1420,8468,838,12352,955,917,10480,89.8,82.2,56.5,113
10.98,"Open","Yes","Social_distancing","Omicron",3366,48.48,119,33,135.944176674352,70,59,107,42,25.9508322976734,50.2300083028562,234.176385026063,"Winter",549754,897237,1405,122400,199867,697370,120000,2400,83030,1510063,1130,10259,1604482,137262,126189,11073,1204,8658,835,194107,10770,13968,169369,89.8,82.2,56.4,115
10.98,"Open","Yes","Social_distancing","Omicron",3430,109.44,116,40,135.990852532799,87,77,115,47,36.5962327610439,58.0600401181642,232.834383412562,"Winter",626770,897199,2718,122400,199859,697340,120000,2400,89880,1525399,1250,14007,1630536,160620,147055,13565,1406,8431,840,682212,32605,44046,605561,89.8,82.2,56.1,135
10.98,"Open","Yes","Social_distancing","Omicron",3512,180.66,116,43,136.056830633527,87,76,104,48,39.5273633161535,58.3093999552152,231.485358171116,"Winter",599709,889646,3543,122400,199876,689770,120000,2400,106605,1550347,1257,5336,1663545,161536,147962,13574,1416,8395,842,932501,39309,53154,840038,89.8,82.1,55.1,133
10.98,"Open","Yes","Social_distancing","Omicron",3580,79.28,116,44,136.106885659253,91,77,100,49,41.6015914175632,58.8761075482484,230.129477735982,"Winter",603342,844676,2228,122400,199876,644800,120000,2400,119893,1377605,1304,11229,1510031,150274,138158,12116,1264,8174,849,1062705,39955,54085,968665,89.7,82,53.6,110
10.98,"Open","Yes","Social_distancing","Omicron",3808,53.48,115,45,136.126850651441,102,82,101,52,43.8899422997485,60.3596732253009,228.766910541409,"Winter",531312,829546,3152,122400,199876,629670,120000,2400,104061,1395657,1111,21658,1522487,133943,123715,10228,1223,7958,859,988710,39793,50938,897979,89.6,81.9,52,133
13.78,"Open","Yes","Social_distancing","Omicron",3820,69.63,104,91,136.180748875822,85,75,88,67,68.3465282195454,80.0970640507434,227.397825021664,"Winter",553010,840430,418,122400,198888,641430,120000,2512,78875,1363434,418,14597,1457324,89125,82726,6399,1019,7714,858,919521,33151,39904,846466,89.5,81.8,50.4,116
13.78,"Open","Yes","Social_distancing","Omicron",3797,74.22,105,87,136.261720403532,77,70,92,67,48.005402495819,76.3080129784403,226.022389611002,"Winter",513086,842244,577,122400,198888,641520,120000,4236,72353,1314639,577,8889,1396458,88877,82655,6222,840,7557,855,1024833,38329,45898,940606,89.5,81.7,48.9,106
13.78,"Open","Yes","Social_distancing","Omicron",3755,56.68,113,57,136.299257966121,87,73,99,58,47.4025793791268,70.6650047575053,224.640772743683,"Winter",615792,841032,1408,122400,198888,641630,120000,2914,94689,1466238,1408,12715,1575050,95870,89010,6860,880,7621,879,927697,32890,42286,852521,89.4,81.7,47.3,128
13.78,"Open","Yes","Social_distancing","Omicron",3703,47.02,113,57,136.369765537486,98,76,101,56,49.3356142336266,70.9277655815639,223.253142853948,"Winter",603083,820601,1581,122400,198888,618470,120000,5643,95044,1499790,1533,13459,1609826,106040,98504,7536,924,7743,875,936480,32677,42497,861306,89.4,81.6,45.8,116
13.78,"Open","Yes","Social_distancing","Omicron",3675,48.8,113,58,136.464158935589,98,78,101,58,52.0081969389087,73.341936551844,221.859668376071,"Winter",612071,815168,3950,122400,198888,616280,120000,2400,114805,1515800,1413,8488,1640506,112684,105022,7662,954,7723,888,812044,28067,38794,745183,89.3,81.5,44.3,118
13.78,"Open","Yes","Social_distancing","Delta",3618,50.5,113,58,136.453948090218,96,75,100,58,52.0988609236353,72.9758247990707,220.460517744302,"Winter",567738,836871,3421,122400,198888,634950,120000,5433,115024,1194481,1177,15857,1326539,102757,96305,6452,956,7798,896,728681,34082,37888,656711,89.3,81.5,43,152
13.78,"Open","Yes","Social_distancing","Delta",3538,53.84,112,59,136.428182050047,104,80,101,59,53.950805949363,73.8554122769265,219.055859392894,"Winter",443666,830578,8032,122400,198888,631690,120000,2400,101205,1225820,1027,21296,1349348,87163,82819,4344,929,7798,900,562800,19671,29407,513722,89.2,81.4,41.9,110
11.28,"Open","Yes","Social_distancing","Delta",3466,84.19,102,92,136.55306607525,98,82,93,77,88.6426573091735,85.7736862486438,217.645861756115,"Winter",459715,808888,412,122400,198888,610000,120000,2400,80998,1158136,412,16806,1256352,53151,51116,2035,868,7578,893,451044,23317,30195,397532,89.2,81.3,41,134
11.28,"Open","Yes","Social_distancing","Delta",3402,90.27,103,91,136.614374173997,78,78,93,78,82.4706451935787,79.5514375552069,216.230693268214,"Winter",403509,812066,543,122400,198888,610000,120000,5578,72954,911843,543,15199,1000539,48592,47009,1583,793,7455,883,615528,26291,38984,550253,89.1,81.3,40.3,107
11.28,"Open","Yes","Social_distancing","Delta",3327,75.2,110,65,136.648576968888,91,78,98,66,64.4674647927093,78.3264787741732,214.810522363448,"Winter",539374,804134,6114,122400,198888,602500,120000,5146,95581,1081617,1560,20097,1198855,52479,50836,1643,831,7489,901,482986,22063,31962,428961,89.1,81.2,39.3,121
11.28,"Open","Yes","No_or_limited_measures","Delta",3301,77.53,110,66,136.848376737776,102,82,99,65,66.6489769154801,78.1097457978835,213.385517476073,"Winter",566058,794336,3875,122400,198862,590030,120000,7844,93688,1200125,1732,22145,1317690,56983,55231,1752,953,7535,900,527342,24039,33824,469479,89,81.2,38.6,132
11.28,"Open","Yes","No_or_limited_measures","Delta",3270,73.27,110,65,136.924649914345,94,80,97,64,65.3041352017687,76.5777847251829,211.95584704035,"Winter",525286,793569,2632,122400,198862,589910,120000,7197,108631,1155350,1194,20975,1286150,58805,57168,1637,888,7466,890,465782,21700,29437,414645,89,81.1,37.8,130
11.28,"Open","Yes","No_or_limited_measures","Delta",3233,68.78,111,63,136.655658102722,79,74,92,63,63.571000487435,74.6155138050466,210.521679490532,"Winter",492002,802694,2432,122400,198862,599890,120000,6342,112192,928027,1497,21430,1063146,56234,54808,1426,945,7447,880,442937,23512,28375,391050,89,81.1,37,129
11.28,"Open","Yes","No_or_limited_measures","Delta",3195,65.5,111,62,136.711647978589,93,79,96,62,61.301364367732,75.1156350264706,209.083183260874,"Winter",398189,779381,1149,122400,198862,577980,120000,4939,99199,1008212,897,29170,1137478,59665,58394,1271,870,7462,901,374156,19979,25012,329165,88.9,81,36.4,143
12.48,"Open","Yes","No_or_limited_measures","Delta",3198,85.44,103,89,136.915203433154,81,82,90,76,91.5121791057027,83.5017900062376,207.640526785646,"Winter",457896,751600,1814,122400,198862,549990,120000,5148,77147,1040136,260,14466,1132009,41018,40340,678,845,7353,882,339286,21955,27166,290165,88.9,81,35.8,115
12.48,"Open","Yes","No_or_limited_measures","Delta",3194,91.53,103,89,136.867680009599,91,82,95,80,86.3976273008184,82.2067642048681,206.193878499087,"Winter",444060,758643,2653,122400,198862,550290,120000,11891,71931,769071,586,25322,866910,38781,38138,643,750,7250,895,529328,26914,37798,464616,88.9,80.9,35.3,161
12.48,"Open","Yes","No_or_limited_measures","Delta",3221,77.08,110,64,137.113057113583,91,78,98,67,65.1434677951688,77.7027731603972,204.743406835462,"Winter",526146,749102,3544,122400,198862,550240,120000,2400,91010,955731,1533,18712,1066986,45663,44981,682,736,7396,900,442053,23264,29811,388978,88.8,80.8,34.5,147
12.48,"Open","Yes","No_or_limited_measures","Delta",3232,74.7,110,65,137.734704547408,97,81,98,65,67.8426779353167,77.8441786545724,203.289280229022,"Winter",493342,783816,3483,122400,198886,584930,120000,2400,91133,1036816,1537,6036,1135522,50319,49565,754,840,7487,895,477734,25848,30976,420910,88.8,80.8,33.8,123
12.48,"Open","Yes","No_or_limited_measures","Delta",3228,73.81,110,64,137.185062720188,98,79,97,65,65.5716055243594,77.187317088561,201.831667114034,"Winter",483765,764016,3857,122400,198886,565130,120000,2400,100545,1080274,1474,3689,1185982,54815,54010,805,828,7416,895,466235,26028,32356,407851,88.7,80.7,33.1,137
12.48,"Open","Yes","No_or_limited_measures","Delta",3198,71.31,110,64,136.604313897148,96,79,99,64,63.865127311789,76.8521154531474,200.370735924746,"Autumn",469841,763896,2714,122400,198886,565010,120000,2400,108480,893231,1068,7811,1010590,55688,54890,798,841,7744,931,455285,30539,32157,392589,88.7,80.7,32.4,121
12.48,"Open","Optional","No_or_limited_measures","Delta",3187,69.91,111,62,136.968227676265,100,81,99,63,61.7148984460773,75.5694397076741,198.906655095424,"Autumn",325744,727303,6098,122400,198886,525430,120000,5387,100380,918804,822,20776,1040782,56289,55432,857,808,7733,916,367154,22391,26092,318671,88.6,80.6,31.7,144
10.59,"Open","Optional","No_or_limited_measures","Delta",3193,88.15,102,89,137.068220797594,98,86,93,77,94.0399608736396,86.5473712978998,197.439593060319,"Autumn",373129,716985,258,122400,198886,514910,120000,5589,74288,917440,258,25764,1017750,39692,39180,512,715,7502,919,336273,21493,29445,285335,88.6,80.6,31.1,142
10.59,"Open","Optional","No_or_limited_measures","Delta",3197,86.61,104,87,136.788650650564,70,79,91,75,81.5071313718069,78.94753284087,195.969718253689,"Autumn",384321,721387,418,122400,198886,515050,120000,9851,63471,638557,418,17667,720113,33293,32871,422,717,7471,911,521785,23808,32866,465111,88.5,80.5,30.6,124
10.59,"Open","Optional","No_or_limited_measures","Delta",3207,80.72,110,62,138.786441451504,90,79,98,68,49.3530630164599,83.0897157208959,194.497199109788,"Autumn",432070,719575,2891,122400,198886,515010,120000,8079,89240,776192,995,19687,886114,39327,38800,527,734,7626,925,410741,20314,23665,366762,88.5,80.5,29.8,132
10.59,"Open","Optional","No_or_limited_measures","Delta",3195,82.71,109,65,139.032156264232,103,82,99,67,69.6979586983661,78.7673717979688,193.022204062878,"Autumn",497453,716475,3426,122400,198883,514950,120000,5042,92610,938215,1253,18437,1050515,43415,42794,621,776,7725,925,442483,23579,22823,396081,88.5,80.4,29.2,141
10.59,"Open","Optional","No_or_limited_measures","Delta",3204,82.05,110,65,136.764851821808,97,78,96,65,66.2941684109786,76.8989242016021,191.544901547216,"Autumn",454118,713793,2754,122400,198883,514910,120000,2400,95444,972144,1283,9033,1077904,46763,46093,670,909,7734,928,426964,24579,23439,378946,88.4,80.4,28.5,123
10.59,"Open","Optional","No_or_limited_measures","Delta",3233,81.23,110,64,135.991020883132,102,79,97,65,65.6372476442194,77.3478070286192,190.065459997052,"Autumn",448454,711633,2688,122400,198883,512750,120000,2400,109441,790648,1121,12238,913448,48190,47547,643,786,7981,919,413976,26822,22002,365152,88.4,80.4,27.8,149
10.59,"Open","Optional","No_or_limited_measures","Delta",3264,74.05,110,62,137.296135872968,111,80,99,64,61.1254977685599,76.5224379497803,188.584047846651,"Autumn",360453,661213,2051,122400,198883,462330,120000,2400,100250,888106,1010,12136,1001502,50725,50058,667,743,8195,928,349941,23258,18517,308166,88.3,80.3,27.2,129
15.7,"Open","Optional","No_or_limited_measures","Delta",3250,91.03,102,88,135.088702160764,102,85,92,79,92.3008351973077,87.7133041125166,187.100833530263,"Autumn",420083,656133,381,122400,198883,457250,120000,2400,74056,910012,381,26194,1010643,37245,36787,458,757,8099,913,268311,16424,13892,237995,88.3,80.3,26.7,120
15.7,"Open","Optional","No_or_limited_measures","Delta",3253,93.35,102,88,138.454734482647,92,82,94,80,83.7248009182868,81.6425046217497,185.615985482153,"Autumn",384148,650473,4374,122400,198883,451590,120000,2400,69317,629417,547,13077,712358,35331,34887,444,735,8004,908,513270,26013,24193,463064,88.3,80.3,26.2,143
15.7,"Open","Optional","No_or_limited_measures","Delta",3262,85.32,109,64,143.420634131791,99,79,99,68,66.2337867096745,78.2143986441853,184.12967213657,"Autumn",429865,684143,3623,122400,198883,485260,120000,2400,92493,757777,1140,16265,867675,39596,39123,473,775,8124,911,412575,27084,21607,363884,88.2,80.2,25.4,139
15.7,"Open","Optional","No_or_limited_measures","Delta",3268,84.91,109,66,140.743239846904,103,80,99,66,66.981026016466,78.2829068990307,182.642061927774,"Autumn",449871,673424,2528,122400,198994,474430,120000,2400,98610,881405,1215,14446,995676,44056,43458,598,842,8176,923,436587,28880,20650,387057,88.2,80.2,24.8,129
15.7,"Open","Optional","No_or_limited_measures","Delta",3281,84.18,109,65,133.20446952966,105,79,97,65,64.9522275472584,77.8081583341853,181.15332329002,"Autumn",446009,666644,3146,122400,198994,467650,120000,2400,98893,927929,1421,9902,1038145,45889,45295,594,867,8275,935,439633,33092,22120,384421,88.1,80.1,24.1,126
15.7,"Open","Optional","No_or_limited_measures","Delta",3274,79.06,110,64,136.951877229007,101,78,97,65,63.4442002503932,77.8229676828717,179.663624657569,"Autumn",374306,682424,3094,122400,198994,483430,120000,2400,99599,701192,1084,12385,814260,46424,45765,659,905,8524,938,398862,31431,19874,347557,88.1,80.1,23.5,164
15.7,"Open","Optional","No_or_limited_measures","Delta",3270,69.32,110,62,131.495699123998,108,79,99,63,59.204404707739,75.8327894196132,178.173134464674,"Autumn",307970,682734,2319,122400,198994,483740,120000,2400,93108,834738,648,12385,940879,50946,50233,713,839,8801,968,336683,32046,18055,286582,88,80.1,22.9,169
16.74,"Open","Optional","No_or_limited_measures","Delta",3280,89.05,102,88,131.891803043076,102,82,92,77,85.8222760323682,85.0169525460643,176.682021145594,"Autumn",339220,830704,246,122400,198994,631710,120000,2400,75375,830062,246,14780,920463,35513,35101,412,807,8643,979,257335,22938,17048,217349,88,80,22.4,131
16.74,"Open","Optional","No_or_limited_measures","Delta",3284,94.53,102,88,146.757014406919,90,81,95,78,82.4605756562061,81.4871708964152,175.190453134584,"Autumn",344996,830634,378,122400,198994,631640,120000,2400,67299,574339,378,15527,657543,32883,32512,371,778,8556,974,519837,33527,24325,461985,87.9,80,22,151
16.74,"Open","Optional","No_or_limited_measures","Delta",3283,86,110,64,158.589264585702,88,77,97,67,49.9243959786322,78.5020886383484,173.698598865902,"Autumn",396994,830674,2981,122400,198994,631680,120000,2400,85931,731104,863,16566,834464,37753,37264,489,892,8693,989,414160,34338,22048,357774,87.9,80,21.2,141
16.74,"Open","Optional","No_or_limited_measures","Delta",3284,90.8,109,65,133.209305419574,106,80,98,65,65.9238545205033,77.4733435691257,172.206626773805,"Autumn",439306,830481,3862,122400,198991,631490,120000,2400,89220,871872,1285,22932,985309,40989,40415,574,965,8785,999,429857,36383,22485,370989,87.8,79.9,20.6,155
16.74,"Open","Optional","No_or_limited_measures","Delta",3294,83.61,110,64,134.556086690036,91,76,95,65,63.2707553595522,74.6487024799027,170.71470529255,"Autumn",428350,826671,3154,122400,198991,627680,120000,2400,104797,903405,1147,12875,1022224,42938,42379,559,988,8937,1008,699192,119188,47766,532238,87.7,79.9,19.9,168
16.74,"Open","Optional","No_or_limited_measures","Delta",3322,76.73,110,63,126.08,103,77,97,65,62.5533167026121,75.1160827101179,169.223002856393,"Autumn",421310,826580,2561,122400,198991,627580,120000,2409,113907,726643,1027,13344,854921,42243,41672,571,996,9008,1023,401329,39836,21199,340294,87.5,79.8,19,156
16.74,"Open","Optional","No_or_limited_measures","Delta",3339,70.98,110,62,113.29,108,79,98,63,59.0267828483041,74.6668604694443,167.731687899591,"Autumn",314583,861463,1556,122400,198850,662500,120000,2513,97571,840275,839,10715,949400,44125,43503,622,1015,9056,1026,331498,33559,20361,277578,87.5,79.8,18.4,159
16.59,"Open","Optional","No_or_limited_measures","Delta",3359,90.23,101,89,124.86,114,85,93,78,89.3650995601705,85.8531336923127,166.240928856402,"Autumn",278048,862003,305,122400,198850,662520,120000,3033,78921,786999,305,18193,884418,30585,30195,390,888,8907,1012,250335,25840,14610,209885,87.4,79.7,17.9,160
16.59,"Open","Optional","No_or_limited_measures","Delta",3387,92.64,102,87,201.8,94,80,94,78,80.7806812660639,80.7658473855761,164.750894161081,"Autumn",331397,861510,437,122400,198850,662660,120000,2400,72115,557867,437,13173,643592,27435,27088,347,831,8887,1018,484130,36748,24500,422882,87.4,79.7,17.5,169
16.59,"Open","Optional","No_or_limited_measures","Delta",3415,83.8,110,63,161.19,103,77,99,66,63.1451212940526,74.5441878039768,163.261752247887,"Autumn",412840,861321,3474,122400,198850,659420,120000,5451,88942,715247,1277,22006,827472,30314,29885,429,861,9131,1026,388827,43491,22633,322703,87.3,79.7,16.8,166
16.59,"Open","Optional","No_or_limited_measures","Delta",3458,88.48,110,63,138.7,94,79,98,65,65.7137327257794,74.105865791392,161.773671551074,"Autumn",395546,866287,3463,122400,198849,662760,120000,7078,88601,823640,1328,23451,937020,33656,33234,422,888,9332,1034,398611,43731,20482,334398,87.2,79.6,16.3,168
16.59,"Open","Optional","No_or_limited_measures","Delta",3531,83.88,110,63,134.81,95,77,97,64,63.741177974013,74.0088819797264,160.286820504902,"Autumn",427163,879738,2829,122400,198849,662370,120000,20919,99604,882016,1339,35623,1018582,35982,35523,459,985,9474,1019,419041,41242,17965,359834,87.1,79.6,15.7,182
16.59,"Open","Optional","No_or_limited_measures","Delta",3618,82.13,110,62,131.29,105,78,98,64,62.4525975339343,66.1778159853571,158.801367543626,"Autumn",427733,867065,2982,122400,198849,662490,120000,8126,110424,739349,1362,17325,868460,38014,37524,490,1084,9690,1024,364255,46663,20922,296670,87.1,79.6,15,164
16.59,"Open","Optional","No_or_limited_measures","Delta",3653,76.58,110,60,121.33,112,80,99,63,58.7049938660858,74.3191930906954,157.317481101503,"Autumn",279396,861688,2650,122400,198849,662450,120000,2789,94438,832815,953,12362,940568,45103,44479,624,1099,9708,1030,297852,37695,19214,240943,87,79.5,14.5,190
13.14,"Open","Optional","No_or_limited_measures","Delta",3664,88.3,102,88,121.65,86,78,92,73,79.0847715006875,86.5274454696367,155.835329612791,"Autumn",288275,874504,429,122400,198849,674710,120000,3345,70067,869759,429,14334,954589,34806,34358,448,1009,9462,980,204800,27402,13449,163949,86.9,79.5,14.1,195
13.14,"Open","Optional","No_or_limited_measures","Delta",3686,93.16,101,87,205.82,87,79,95,78,78.7793521214977,83.7675990018868,154.355081511746,"Autumn",341945,877989,503,122400,198849,670680,120000,10860,69308,581713,503,21541,673065,33560,33212,348,904,9310,968,433867,36052,25401,372414,86.9,79.5,13.8,164
13.14,"Open","Optional","No_or_limited_measures","Delta",3678,88.62,111,54,180.31,90,79,97,65,63.0504986184574,67.6544467321963,152.876905232621,"Autumn",420255,875203,2233,122400,198849,660640,120000,18114,83052,722760,1216,31054,838082,40249,39748,501,1032,9257,962,348474,40967,22279,285228,86.8,79.4,13.2,184
13.14,"Open","Optional","No_or_limited_measures","Delta",3666,96.68,110,55,168.05,118,84,98,63,65.6711126544743,67.6667175715358,151.40096920968,"Autumn",418180,868534,2881,122400,198864,660640,120000,11430,86619,760830,1466,25991,874906,41379,40863,516,1087,9159,944,366081,44702,23723,297656,86.7,79.4,12.7,198
13.14,"Open","Optional","No_or_limited_measures","Delta",3637,91.05,111,55,161.99,122,83,96,63,63.8673335482714,66.4561548284318,149.927441877176,"Autumn",435383,877567,2277,122400,198864,661660,120000,19443,99706,786261,997,31641,918605,43040,42534,506,1165,9080,945,355173,44082,21577,289514,86.7,79.3,12.2,177
13.14,"Open","Optional","No_or_limited_measures","Delta",3633,85.73,111,53,157.11,112,83,96,63,63.5145868133472,66.2127317334017,148.456491669371,"Autumn",410328,861363,2845,122400,198864,660110,120000,4789,106417,705848,1166,7179,820610,42122,41628,494,1124,8973,952,328582,41083,23031,264468,86.6,79.3,11.7,174
13.14,"Open","Optional","No_or_limited_measures","Delta",3654,81.56,111,52,142.57,130,84,98,61,58.4066520172296,65.2969167483746,146.98828702051,"Autumn",320933,859520,2378,122400,198864,660210,120000,2846,97538,729970,1046,22064,850618,47455,46873,582,1068,8854,913,304247,37809,21446,244992,86.5,79.3,11.2,149
14.45,"Open","Optional","No_or_limited_measures","Delta",3667,90.32,101,89,138.03,118,84,91,77,83.8395819225271,86.6745703653199,145.522996364862,"Autumn",340870,859325,199,122400,198864,658110,120000,4751,66916,710798,199,11185,789098,35760,35362,398,972,8530,885,214334,25747,18082,170505,86.4,79.2,10.8,166
14.45,"Open","Optional","No_or_limited_measures","Delta",3658,99.36,102,88,197.47,91,79,93,76,75.2803769031275,79.6293180231071,144.060788136673,"Autumn",367911,863441,446,122400,198864,659390,120000,7587,71784,620210,446,10013,702453,35098,34715,383,916,8361,869,440764,40092,30243,370429,86.4,79.2,10.5,171
14.45,"Open","Optional","No_or_limited_measures","Delta",3657,85.52,109,61,164.07,98,78,97,65,61.8072871090213,74.212041445405,142.601830770208,"Autumn",467919,863901,3846,122400,198864,662970,120000,4467,89970,811267,1180,15876,918293,40660,40178,482,949,8366,889,371105,46250,26170,298685,86.3,79.1,9.8,150
14.45,"Open","Optional","No_or_limited_measures","Delta",3654,87.52,109,62,141.22,111,80,97,63,63.9840116614327,75.3068497921948,141.146292699723,"Autumn",467432,866695,1991,122400,198817,663910,120000,6368,94418,899469,1210,19092,1014189,45193,44652,541,988,8381,892,365161,48732,26828,311819.758803477,86.3,79.1,9.3,164
14.45,"Open","Optional","No_or_limited_measures","Delta",3646,85.2,110,61,136.39,103,77,95,63,62.0097122460434,74.9387015559342,139.694342359477,"Autumn",482770,862727,3189,122400,198817,663910,120000,2400,99471,991889,1345,17306,1110011,51657,51098,559,1113,8286,872,332539,49080,26365,320593.949011938,86.2,79,8.3,154
14.45,"Open","Optional","No_or_limited_measures","Delta",3641,78.59,110,60,129.65,103,75,95,63,61.1103051422842,74.8677508371685,138.246148183713,"Autumn",427268,871307,2047,122400,198817,672490,120000,2400,110066,767607,1105,942,879720,52514,51894,620,1114,8031,851,307744,42902,32767,317209.395964634,86.1,79,7.8,142
14.45,"Open","Optional","No_or_limited_measures","Delta",3622,71.58,110,59,121.54,109,79,96,62,58.7195337085617,74.2013300472659,136.80187860671,"Autumn",299850,866597,1029,122400,198817,667780,120000,2400,98495,835547,736,293,935071,57736,57032,704,1090,7881,826,241456,39672,23579,274997.651094332,86,78.9,7.4,139
14.08,"Open","Optional","No_or_limited_measures","Delta",3614,92.12,102,90,133.66,111,82,91,75,83.569911008051,84.8485585078529,135.361702062704,"Autumn",360862,862157,216,122400,198817,663340,120000,2400,74962,907627,216,0,982805,43747,43302,445,974,7512,819,153134,17837,17265,271458.958653334,85.9,78.9,7.1,139
14.08,"Open","Optional","No_or_limited_measures","Delta",3613,97.49,102,88,195.57,89,77,92,73,75.5250013639412,79.04797002136,133.925786985962,"Autumn",402976,874027,418,122400,198817,675210,120000,2400,69378,651137,418,0,720933,37876,37481,395,886,7240,805,368682,28999,33483,296148.3326015,85.9,78.9,6.9,151
14.08,"Open","Optional","No_or_limited_measures","Delta",3622,86.64,109,63,159.14,103,76,98,65,61.3096188349961,77.3794089005366,132.494301810738,"Autumn",479641,877617,3135,122400,198817,678800,120000,2400,89908,802826,1020,17187,910941,43552,43088,464,958,7214,791,291083,40763,29432,314264.172454431,85.9,78.8,6.4,139
14.08,"Open","Optional","No_or_limited_measures","Delta",3625,90.18,109,63,143.63,114,78,98,64,63.8357616179499,76.8750034005898,131.067414971302,"Autumn",425055,907023,3270,122400,198833,708190,120000,2400,82937,893343,1357,1913,979550,46416,45870,546,914,7200,783,310497,43489,27991,311132.281624343,85.8,78.8,6,160
14.08,"Open","Optional","No_or_limited_measures","Delta",3613,82.76,109,62,139.48,113,77,97,63,61.9449745171477,76.4270651873064,129.645294901884,"Autumn",427772,906733,3020,122400,198833,707900,120000,2400,99581,937667,1093,1927,1040268,47771,47236,535,930,7143,781,260704,38726,29481,302469.590197151,85.7,78.7,5.6,136
14.08,"Open","Optional","No_or_limited_measures","Delta",3582,78.33,110,61,133.09,106,77,98,64,62.6702215486063,76.4558159457288,128.228110036779,"Autumn",434987,821263,2609,122400,198833,622430,120000,2400,109832,765648,799,1810,878089,48305,47712,593,946,7128,780,227111,36847,26946,295839.303215857,85.6,78.7,4.8,136
14.08,"Open","Optional","No_or_limited_measures","Delta",3578,72.18,110,60,123.47,126,79,100,62,57.9879569497532,76.0192573004829,126.816028810195,"Autumn",312996,831503,1477,122400,198833,632670,120000,2400,97718,859397,752,725,958592,50288,49746,542,850,7098,747,177340,29172,23632,292232.365717889,85.6,78.6,4.5,137
13.94,"Open","Optional","No_or_limited_measures","Delta",3569,89.51,102,90,133.02,114,81,92,76,82.2065078355325,86.4069309898683,125.409219656429,"Autumn",338996,900963,121,122400,198833,702130,120000,2400,77747,889727,121,0,967595,36409,36018,391,735,6943,744,135033,22106,19451,293336.476925336,85.5,78.6,4.2,115
13.94,"Open","Optional","No_or_limited_measures","Delta",3567,96.86,101,89,206.51,109,79,96,76,74.2402933568977,83.2677627569985,124.007851009727,"Autumn",391310,885883,553,122400,198833,687050,120000,2400,68458,617793,553,12536,699340,32297,31936,361,769,6772,768,315681,31395,33477,299081.232304418,85.5,78.5,4.1,119
13.94,"Open","Optional","No_or_limited_measures","Delta",3556,83.39,109,62,160.39,103,76,99,65,60.2586740799752,76.9542557817557,122.612091304335,"Autumn",498439,875813,2939,122400,198833,676980,120000,2400,95035,805423,1227,16015,917700,35599,35180,419,791,6828,780,234681,31685,29068,303911.806430272,85.4,78.5,3.7,122
13.94,"Open","Optional","No_or_limited_measures","Delta",3563,82.72,109,62,141.33,107,76,98,64,62.3488296643445,76.2401557271721,121.222108974516,"Autumn",413155,868549,3192,122400,198819,669730,120000,2400,81700,864691,1328,16294,964013,38463,38021,442,828,6849,808,239314,33029,28656,303582.680716419,85.4,78.4,3.3,133
13.94,"Open","Optional","No_or_limited_measures","Delta",3575,80.02,109,61,139.18,118,77,99,63,60.4040359287072,76.904611422094,119.838072454532,"Autumn",451789,868329,3104,122400,198819,669510,120000,2400,99057,947880,1210,21183,1069330,39256,38819,437,783,6899,807,223501,32828,28576,299779.675996019,85.3,78.4,3,112
13.94,"Open","Optional","No_or_limited_measures","Delta",3576,73.6,110,59,127.11,95,74,97,63,59.2341340271047,76.1050271962617,118.46015017863,"Autumn",426120,841279,2197,122400,198819,642460,120000,2400,105443,746034,1102,1095,853674,39264,38796,468,840,6914,800,226019,41347,28572,296709.113850641,85.3,78.3,2.8,134
13.94,"Open","Optional","No_or_limited_measures","Delta",3573,66.38,110,59,120.86,110,77,99,62,57.2753998767781,76.1888347309382,117.088510581076,"Autumn",324109,863329,2197,122400,198819,664510,120000,2400,92316,873398,677,1520,967911,43727,43258,469,814,6838,769,190885,37671,29337,296334.803917165,85.2,78.3,2.5,112
12.52,"Open","Optional","No_or_limited_measures","Delta",3568,93.85,102,90,151.58,126,84,96,81,95.2314816714891,86.2703607062667,115.723322096139,"Autumn",361271,845149,328,122400,198819,646330,120000,2400,72590,937406,328,14567,1024891,32051,31713,338,722,6647,778,135173,24123,21532,297958.309738917,85.1,78.2,2.3,107
12.52,"Open","Optional","No_or_limited_measures","Delta",3572,86.37,104,86,177.88,62,70,87,72,71.0754686909988,75.4121312713095,114.364753158048,"Autumn",400100,830619,530,122400,198819,631800,120000,2400,77531,634846,530,14167,727074,26309,26044,265,698,6490,764,259918,31066,34391,299924.452040736,85.1,78.2,2.1,118
12.52,"Open","Optional","No_or_limited_measures","Delta",3571,80.03,110,61,161.36,98,74,100,66,59.9806810039044,76.7141207718389,113.012972201059,"Autumn",402033,851509,1840,122400,198819,652420,120000,2670,81419,790141,1075,1035,873670,29051,28742,309,698,6639,805,226381,38180,34289,300845.676018938,85,78.1,1.8,139
12.52,"Open","Optional","No_or_limited_measures","Delta",3562,79.37,110,60,142.77,100,77,98,65,63.0003355725216,77.3940285192995,111.668147659433,"Autumn",469033,845987,3042,122400,198805,646210,120000,3372,82476,938232,973,17592,1039273,32588,32213,375,705,6807,815,68831,34372,34459,300288.488226474,85,78.1,1.5,127
12.52,"Open","Optional","No_or_limited_measures","Delta",3559,79.37,110,60,142.26,111,75,99,64,60.6238561582344,77.4971804621031,110.330447967467,"Autumn",456408,835583,2557,122400,198805,631820,120000,7358,103166,999008,1182,6333,1109689,34819,34424,395,810,6951,813,65632,31539,34093,298978.506562979,84.9,78,1.20974494215969,142
12.52,"Open","Optional","No_or_limited_measures","Delta",3576,76.49,111,58,131.98,97,72,96,65,58.7566938404547,76.3607739283994,109.00004155935,"Autumn",417197,843856,1534,122400,198805,641890,120000,5561,109528,752659,865,3830,866882,36540,36099,441,783,7065,826,65385,31853,33532,298091.407662855,84.9,78,0.981624916795627,120
12.52,"Open","Optional","No_or_limited_measures","Delta",3564,69.43,111,58,130.97,118,75,101,64,55.7977851104285,75.3559033659311,107.67709686941,"Autumn",356973,887155,976,122400,198805,686110,120000,4640,89199,929412,724,12534,1031869,41579,41081,498,782,7083,831,58096,24919,33177,298198.524006584,84.8,77.9,0.783400778220107,125
15.33,"Open","Optional","No_or_limited_measures","Delta",3586,96.27,101,91,146.41,134,80,94,81,85.4856251667317,87.7904807154044,106.361782331858,"Autumn",417071,885686,113,122400,198805,682140,120000,7141,77654,1028188,113,20617,1126572,32064,31670,394,672,6852,839,41523,15984,25539,298946.839020768,84.8,77.8,0.566068700964343,111
15.33,"Open","Optional","No_or_limited_measures","Delta",3587,96.82,101,89,226.53,111,76,96,82,75.7261171752198,80.1450464973201,105.05426638093,"Autumn",412803,882398,161,122400,198805,677930,120000,8063,78971,680048,161,18587,777767,28560,28235,325,678,6989,874,71414,24296,47118,299604.11382796,84.7,77.8,0.307951505679984,128
15.33,"Open","Optional","No_or_limited_measures","Delta",3604,89.3,108,62,175.26,133,77,104,68,59.1567251609931,76.4907150980412,103.754717450945,"Autumn",431763,878227,2366,122400,198805,672780,120000,9042,82021,794685,611,22126,899443,32096,31705,391,731,6943,878,72376,27617,44759,299722.841576255,84.7,77.7,0.0259118271576395,140
15.33,"Open","Optional","No_or_limited_measures","Delta",3609,84.78,109,61,147.7,129,78,101,64,59.061248129999,75.1029412227944,102.463303976141,"Autumn",457510,872942,3115,122400,198805,665870,120000,10667,90636,958604,1082,10300,1060622,35838,35342,496,783,7195,916,69671,25083,44588,299366.953444416,84.6,77.6,-0.247640503291528,148
15.33,"Open","Optional","No_or_limited_measures","Delta",3614,84.12,109,61,149.17,139,78,99,64,58.6243830676908,75.0722447045442,101.18019439075,"Autumn",394839,883838,2732,122400,198805,674790,120000,12643,105530,842983,606,12369,961488,36749,36299,450,755,7441,939,66726,22679,44047,298916.142363947,84.6,77.6,-0.494973497079688,159
15.33,"Open","Optional","No_or_limited_measures","Delta",3609,83.34,109,58,140.49,136,77,99,63,56.1263596683751,74.552108520254,99.90555712906,"Autumn",439816,880582,3025,122400,198805,676300,120000,7877,117139,764343,794,17470,899746,38836,38382,454,808,7648,943,63790,20384,43406,298719.722314513,84.6,77.5,-0.724037062008823,137
15.33,"Open","Optional","No_or_limited_measures","Delta",3611,72.1,110,57,127.51,130,78,100,61,52.8005341230782,73.8006865446576,98.6395606252254,"Autumn",325638,875625,1000,122400,198805,676820,120000,2400,99505,901756,651,9849,1011761,40756,40252,504,813,7821,982,66492,20150,46342,298856.76636763,84.5,77.4,-0.955830391649485,159
18.19,"Open","Optional","No_or_limited_measures","Delta",3592,94.18,102,90,123.81,108,77,90,72,70.8538438912944,82.6823043372819,97.3823733140153,"Autumn",351221,847777,36,122400,198805,641290,120000,10082,65384,1049427,36,7682,1122529,31084,30711,373,731,7770,1006,48997,13840,35157,299141.869130354,84.5,77.3,-1.20410820551952,135
18.19,"Open","Optional","No_or_limited_measures","Delta",3600,97.52,100,88,191.22,123,75,95,75,66.1654522936335,79.4951739368721,96.1341636270765,"Autumn",335273,837262,1476,122400,198805,629660,120000,11197,64595,605833,82,23374,693884,26639,26344,295,759,7719,1004,98695,26198,72497,299326.639853183,84.5,77.3,-1.46585665802565,137
18.19,"Open","Optional","No_or_limited_measures","Delta",3591,83.69,108,59,152.86,122,74,100,65,54.0760438033927,74.6962449463798,94.8951000123613,"Autumn",410704,835743,3690,122400,198805,628510,120000,10828,81917,781550,342,28944,892753,29464,29122,342,754,7930,1011,81162,20778,60384,299301.592386961,84.4,77.1,-1.7277606308264,184
18.19,"Open","Optional","No_or_limited_measures","Delta",3593,80.64,109,58,139.64,142,77,100,63,55.1595743296162,74.2876505837417,93.6653508314345,"Autumn",439605,827638,1649,122400,198520,621920,120000,9598,97943,927322,537,19042,1044844,29547,29195,352,894,8139,1020,87024,23051,63973,299140.996753292,84.4,77,-1.97955527516971,160
18.19,"Open","Optional","No_or_limited_measures","Delta",3587,78.86,109,59,134,127,76,101,63,54.1174458842202,73.9710873674664,92.4450849087655,"Autumn",446342,829385,2450,122400,198520,624110,120000,9155,108379,1002469,528,23054,1134430,30379,30026,353,951,8421,1081,87692,24402,63290,298998.149809337,84.3,76.9,-2.2216958968521,166
18.19,"Open","Optional","No_or_limited_measures","Delta",3595,68.67,111,56,120.88,92,70,93,62,52.850935506043,70.0889235226892,91.2344686203162,"Autumn",399630,825713,1709,122400,198520,624660,120000,4933,110341,770830,445,3797,885413,31417,31023,394,952,8414,1060,84370,17645,66725,298972.11054323,84.3,76.8,-2.46242722119564,170
18.19,"Open","Optional","No_or_limited_measures","Delta",3586,65.41,110,58,121.01,139,78,102,62,50.4736091707371,73.6749670865432,90.0336816290636,"Autumn",317289,802676,1641,122400,198520,600730,120000,5826,96803,962342,281,16180,1075606,34652,34224,428,943,8490,1056,80081,19428,60653,299050.917608638,84.3,76.7,-2.70917942618655,118
19.26,"Open","Optional","No_or_limited_measures","Delta",3593,91.59,101,93,128.14,136,78,94,74,68.7667398575855,83.7001527460262,88.8428350774158,"Autumn",329676,771580,206,122400,198520,573060,120000,2400,78168,980638,206,11785,1070797,24053,23760,293,868,8267,1055,67570,14955,52615,299149.788107888,84.2,76.6,-2.96268380620593,141
19.26,"Open","Optional","No_or_limited_measures","Delta",3580,96.52,101,90,185.62,117,75,95,75,65.2759650367104,77.5104609157694,87.6624304866989,"Autumn",354628,771350,1551,122400,198520,572830,120000,2400,69298,638454,296,14703,722751,23531,23247,284,851,8157,1027,125972,27913,98059,299191.448573525,84.2,76.5,-3.21797310414533,144
19.26,"Open","Optional","No_or_limited_measures","Delta",3588,80.49,109,61,151.01,110,72,98,63,51.6903582047374,72.5289289476035,86.4911479526362,"Autumn",391986,761870,3037,122400,198520,563350,120000,2400,86923,982853,619,2418,1072813,29175,28803,372,926,8329,1056,117875,26064,91811,299160.406255703,84.2,76.3,-3.46980517969762,149
19.26,"Open","Optional","No_or_limited_measures","Delta",3579,77.86,110,59,135.48,120,74,100,61,52.5851767270921,71.8060893487227,85.3401303385196,"Autumn",438129,762132,2727,122400,198502,563630,120000,2400,91768,1127401,832,14442,1234443,33965,33545,420,1037,8158,1051,122476,25774,96702,299098.359332945,84.1,76.2,-3.71701726573877,180
19.26,"Open","Optional","No_or_limited_measures","Delta",3591,79.96,110,58,138.21,150,75,100,61,51.0833164440361,72.1206428280073,84.1829058960382,"Autumn",441078,756772,2122,122400,198502,558270,120000,2400,99814,1131979,555,16054,1248402,35839,35337,502,1167,8149,1060,113091,25131,87960,299058.793588342,84.1,76,-3.96250374588133,142
19.26,"Open","Optional","No_or_limited_measures","Delta",3596,72.84,110,57,134.9,152,76,100,61,49.9699346692857,71.4935614923953,83.497232808697,"Autumn",412101,686792,3584,122400,198502,488290,120000,2400,113908,1039565,668,28975,1183116,38610,38127,483,1104,7993,1047,112472,26624,85848,299064.684902731,84,75.9,-4.20988003090358,164
19.26,"Open","Optional","No_or_limited_measures","Delta",3585,68.34,110,56,127.77,158,80,103,61,48.0397967277626,71.5126193240295,84.2627205267605,"Autumn",341762,687285,2096,122400,198435,488850,120000,2400,99257,1260157,504,12738,1372656,44915,44332,583,1077,8049,1062,102713,22698,80015,299099.745442309,84,75.7,-4.46035268231978,156
7.95,"Open","Optional","No_or_limited_measures","Delta",3580,98.1,100,94,133.85,155,81,95,75,73.830785331719,86.8350324526336,85,"Autumn",353645,767415,196,122400,198435,568980,120000,2400,77151,939716,196,7140,1024203,31799,31418,381,879,7762,1018,94988,21795,73193,299130.722977922,83.9,75.6,-4.7123071544357,164
7.95,"Open","Optional","No_or_limited_measures","Delta",3595,96.78,102,90,175.37,106,72,94,71,60.0934181568708,76.1605826467216,80,"Autumn",374155,758815,1387,122400,198435,560380,120000,2400,74719,658724,334,12989,746766,31804,31436,368,951,7567,1019,169607,41054,128553,299136.117571403,83.9,75.4,-4.96330189915496,144
7.95,"Open","Optional","No_or_limited_measures","Delta",3608,83.12,110,58,149.15,120,73,99,61,49.6437651695873,68.2592395264442,73,"Autumn",400620,748565,2393,122400,198435,550130,120000,2400,78812,1100441,654,12103,1192010,38626,38165,461,928,7682,1034,145856,35266,110590,299118.723485321,83.8,75.2,-5.21226318089463,151
7.95,"Open","Optional","No_or_limited_measures","Delta",3589,78.96,112,55,137.72,125,76,100,57,49.2585832979326,65.0853375199418,73,"Autumn",431583,720242,2950,122400,198422,521820,120000,2400,88912,1061134,1240,10421,1161707,42310,41753,557,999,7633,1038,159377,40002,119375,299097.20641202,83.8,75,-5.46003709968769,137
7.95,"Open","Optional","No_or_limited_measures","Delta",3552,75.48,112,54,133.18,120,74,98,56,47.1641939331936,62.0445926436131,69,"Autumn",373842,718582,2331,122400,198422,520160,120000,2400,98332,920455,859,9808,1029454,43515,42980,535,1084,7693,1030,157473,44088,113385,299088.343355688,83.7,74.8,-5.70823923938686,125
7.95,"Open","Optional","No_or_limited_measures","Delta",3546,68.38,113,49,126.41,115,75,99,55,44.8946184363318,60.770340431427,67,"Summer",333750,698152,3726,122400,198422,499730,120000,2400,100053,820015,610,12802,933480,45206,44606,600,1003,7689,1014,159301,39899,119402,299095.279501101,83.6,74.6,-5.95774931028183,126
7.95,"Open","Optional","No_or_limited_measures","Delta",3521,110.66,116,25,120.17,148,79,86,47,34.7436216429092,43.9336765509869,70,"Summer",239905,758152,95,122400,198422,559730,120000,2400,78719,599551,95,14471,692836,34755,34304,451,997,7350,984,86291,19643,66648,299108.80318677,83.5,74.4,-6.20816705534985,109
11.19,"Open","Optional","No_or_limited_measures","Delta",3494,114.21,98,91,141.9,132,78,87,75,78.0772814019823,84.2121793666769,80,"Summer",296686,762152,73,122400,198422,563730,120000,2400,70373,627355,73,13419,711220,26132,25812,320,857,7121,971,103830,24390,79440,299117.314945103,83.5,74.3,-6.45844515512907,139
11.19,"Open","Optional","No_or_limited_measures","Delta",3469,97.96,100,86,176.48,110,69,89,72,62.5210014721973,72.6354982099081,73,"Summer",284325,751792,172,122400,198422,553370,120000,2400,56600,631023,172,10008,697803,27594,27286,308,864,6991,953,176959,43271,133688,299115.923352384,83.5,74.2,-6.70790046662594,134
11.19,"Open","Optional","No_or_limited_measures","Delta",3429,86.12,110,51,154.66,122,73,97,59,47.9549686226676,61.5577757336163,70,"Summer",373782,752152,2089,122400,198422,553730,120000,2400,79020,805752,791,10417,895980,33735,33325,410,945,7096,988,176393,44937,131456,299108.248405388,83.4,73.9,-6.95668600428805,138
11.19,"Open","Optional","No_or_limited_measures","Delta",3405,85.68,112,50,140.33,123,76,95,56,47.2556821060902,59.7449162869904,69,"Summer",406030,747435,2370,122400,198705,548730,120000,2400,84014,864159,952,5999,955124,37609,37113,496,957,7042,982,200076,55140,144936,299101.53999138,83.3,73.7,-7.20546621749645,125
11.19,"Open","Optional","No_or_limited_measures","Delta",3383,91.39,112,50,140.3,146,76,95,55,46.9995667674044,59.771261466889,68,"Summer",408032,747435,2989,122400,198705,548730,120000,2400,96534,820255,1292,13511,931592,38769,38286,483,1036,6997,974,229781,68076,161705,299100.436388542,83.2,73.4,-7.45475134829095,107
11.19,"Open","Optional","No_or_limited_measures","Delta",3356,94.09,112,49,134.57,141,76,94,55,45.5491811501751,59.4576137607264,66,"Summer",352152,751251,3007,122400,202521,548730,120000,2400,111655,627967,947,12920,753489,37671,37166,505,1000,6972,957,186086,55410,130676,299104.269393354,83.1,73.2,-7.70451679600502,118
11.19,"Open","Optional","No_or_limited_measures","Delta",3344,72.91,112,49,126.88,153,78,95,55,43.9235280259721,58.5495855636109,65,"Summer",273043,768851,686,122400,202521,566330,120000,2400,94339,650769,686,17610,763404,39709,39218,491,966,7030,942,177684,46401,131283,299108.946001459,83,72.9,-7.95435087754175,120
10.51,"Open","Optional","No_or_limited_measures","Delta",3320,96.82,100,92,120.45,110,72,85,70,66.6314255812522,78.2894747889098,73,"Summer",288837,722911,128,122400,202521,520390,120000,2400,75156,593332,128,11599,680215,28729,28420,309,834,6760,963,156697,40345,116352,299110.833185955,82.9,72.7,-8.20388400316299,128
10.51,"Open","Optional","No_or_limited_measures","Delta",3294,113.4,102,87,166.97,89,66,87,68,55.2291786324761,70.2570039420312,72,"Summer",328489,722611,367,122400,202521,520090,120000,2400,68414,566185,367,4362,639328,28516,28195,321,877,6542,955,267887,73006,194881,299109.28734786,82.9,72.5,-8.45308099723523,116
10.51,"Open","Optional","No_or_limited_measures","Delta",3273,93.3,111,52,149.98,120,70,94,57,46.241521262136,59.5018494987501,67,"Summer",360756,723731,2771,122400,202521,521210,120000,2400,85818,662511,944,17576,766849,32224,31814,410,872,6531,955,228277,60885,167392,299106.338484868,82.7,72.2,-8.70219007169262,126
10.51,"Open","Optional","No_or_limited_measures","Delta",3256,84.08,112,50,136.24,133,74,95,54,46.0307667272126,58.581781617784,66,"Summer",383880,723098,2539,122400,202508,520590,120000,2400,82932,733886,1179,8982,826979,36485,35986,499,950,6519,928,231038,55979,175059,299104.506490977,82.6,71.9,-8.95147213359819,115
10.51,"Open","Optional","No_or_limited_measures","Delta",3228,80.4,112,51,134.54,131,73,94,54,45.0106880110767,58.9512855556277,67,"Summer",380666,723868,2685,122400,202508,521360,120000,2400,100097,689558,1113,16199,806967,38735,38202,533,913,6475,909,216507,47284,169223,299104.834063789,82.5,71.6,-9.20098430435975,111
10.51,"Open","Optional","No_or_limited_measures","Delta",3227,71.88,113,47,126.54,112,72,92,53,43.9051290571569,57.1202359375239,64,"Summer",361445,722768,2061,122400,202508,520260,120000,2400,108560,612164,1300,11210,733234,37909,37342,567,967,6415,925,189699,43824,145875,299106.514544064,82.4,71.3,-9.45058181915821,100
10.51,"Open","Optional","No_or_limited_measures","Delta",3202,68.38,112,47,119.13,131,75,95,54,42.5278603357747,57.7436890131616,63,"Summer",230039,722928,1483,122400,202508,520420,120000,2400,95435,614052,905,9707,720099,36895,36395,500,870,6391,918,174106,35716,138390,299107.966549638,82.4,71,-9.70008463867135,89
12.96,"Open","Optional","No_or_limited_measures","Delta",3189,91.98,99,91,118.97,129,73,87,71,69.1562523513438,79.6362432905251,72,"Summer",276280,720028,30,122400,202508,517520,120000,2400,70617,591502,30,13374,675523,25322,25029,293,807,6054,898,157640,31257,126383,299108.191043369,82.3,70.8,-9.94943315929034,91
12.96,"Open","Optional","No_or_limited_measures","Delta",3175,97.02,100,88,169.12,116,68,89,71,60.660783318935,70.4027681529337,73,"Summer",298736,719968,381,122400,202508,517460,120000,2400,67813,568907,381,12528,649629,25057,24784,273,788,5893,892,246187,46603,199584,299107.346920167,82.3,70.6,-10.1987082349326,103
12.96,"Open","Optional","No_or_limited_measures","Delta",3165,82.91,111,51,144.16,117,69,95,57,45.0532944955129,59.118311004941,67,"Summer",357735,709848,1948,122400,202508,507340,120000,2400,84775,723670,1051,13761,823257,28970,28612,358,790,5996,892,212075,40490,171585,299106.330776938,82.2,70.2,-10.4480315108681,98
12.96,"Open","Optional","No_or_limited_measures","Delta",3142,77.55,112,49,134.83,129,73,95,54,44.5329618122345,60.0549600767689,67,"Summer",358526,710619,1908,122400,202529,508090,120000,2400,85479,715870,1312,13359,816020,31721,31280,441,861,5968,882,236943,44384,192559,299105.929035756,82.1,69.9,-10.6974561698519,106
12.96,"Open","Optional","No_or_limited_measures","Delta",3141,77.76,112,49,136.08,151,75,95,55,44.2533639909931,59.2617225681242,67,"Summer",373335,710603,3204,122400,202513,508090,120000,2400,98062,723848,1338,16407,839655,33347,32932,415,850,6013,871,215329,41568,173761,299106.273246601,82,69.6,-10.9469397604728,88
12.96,"Open","Optional","No_or_limited_measures","Delta",3128,71.34,112,48,132.93,147,76,96,55,43.6418072315667,60.4374956411956,67,"Summer",343945,710103,2550,122400,202513,507590,120000,2400,105857,630698,1336,11336,749227,31515,31064,451,894,6028,874,188654,37511,151143,299106.916252912,82,69.3,-11.1964017491819,85
12.96,"Open","Optional","No_or_limited_measures","Delta",3115,60.89,114,47,112.02,109,72,91,52,40.0028267549606,56.3677229380686,63,"Summer",232181,710193,2247,122400,202513,507680,120000,2400,93404,641439,981,11029,746853,32157,31688,469,760,6026,859,169278,32250,137028,299107.310486377,81.9,69,-11.4457984936386,84
11.64,"Open","Optional","No_or_limited_measures","Delta",3106,84.36,101,90,107.85,94,69,84,66,60.9239019652104,73.0855073102283,67,"Summer",271524,708743,63,122400,202513,506230,120000,2400,71646,606469,63,12763,690941,22885,22607,278,742,5865,856,144913,22843,122070,299107.23377718,81.8,68.8,-11.6951501433688,84
11.64,"Open","Optional","No_or_limited_measures","Delta",3096,94.25,103,86,154.43,79,65,85,65,53.6812536058524,64.8398684341289,68,"Summer",315988,708793,551,122400,202513,506280,120000,2400,66309,573554,551,12989,653403,22566,22268,298,729,5712,854,251573,37990,213583,299106.86587053,81.8,68.6,-11.9445089319846,106
11.64,"Open","Optional","No_or_limited_measures","Delta",3102,82.56,112,51,136.22,98,67,93,55,42.2578730484298,57.6065056245971,65,"Summer",338751,704743,3251,122400,202513,502230,120000,2400,84397,692816,1588,14769,793570,28058,27668,390,782,5761,870,205332,36976,168356,299106.551667552,81.7,68.2,-12.1939087877275,98
11.64,"Open","Optional","No_or_limited_measures","Delta",3111,71.66,113,49,125,110,71,93,53,42.6321550639274,57.5271058200956,66,"Summer",349821,704773,3366,122400,202513,502260,120000,2400,87963,725140,1362,15285,829750,31660,31248,412,812,5763,871,208192,35500,172692,299106.506238005,81.7,67.9,-12.4433419447323,101
11.64,"Open","Optional","No_or_limited_measures","Delta",3098,73.18,112,49,136.27,145,74,95,54,42.681765301688,58.3425398971015,67,"Summer",380503,703893,4569,122400,202513,501380,120000,2400,103911,725117,1720,13062,843810,32337,31890,447,836,5800,881,199003,33334,165669,299106.692071683,81.6,67.6,-12.6927752462031,92
11.64,"Open","Optional","No_or_limited_measures","Delta",3087,63.32,113,48,124.07,132,73,94,53,42.101781058506,56.9342877465456,64,"Summer",322831,703773,2167,122400,202513,501260,120000,2400,105576,604610,1010,11370,722566,30445,30045,400,763,6014,887,172051,29290,142761,299106.912829003,81.5,67.3,-12.9421833296496,80
11.64,"Open","Optional","No_or_limited_measures","Delta",3078,60.42,113,48,115.88,140,76,96,53,40.564117070358,56.8502111032925,63,"Summer",213854,703513,3338,122400,202513,501000,120000,2847,92470,638578,1136,11287,743471,29834,29412,422,788,6223,895,152284,26092,126192,299106.998304066,81.5,67.1,-13.1915675162252,92
11.41,"Open","Optional","No_or_limited_measures","Delta",3047,89.5,101,91,117.05,116,73,87,68,56.0941221535915,70.3141540306504,71,"Summer",236371,699013,429,122400,202513,496500,120000,2400,73705,585661,47,12807,672220,20899,20636,263,739,5990,877,139276,21232,118044,299106.921708644,81.4,66.8,-13.4409483621251,96
11.41,"Open","Optional","No_or_limited_measures","Delta",3011,96.68,102,88,160.81,93,67,89,67,47.3830500989555,65.4249758879743,72,"Summer",322812,699013,844,122400,202513,496500,120000,2400,72451,583317,175,13613,669556,20568,20268,300,676,5966,893,250840,38826,212014,299106.781514479,81.4,66.6,-13.6903442510878,91
11.41,"Open","Optional","No_or_limited_measures","Delta",2966,81.8,113,51,132.28,89,67,93,55,42.6451162284063,55.7924001772796,66,"Summer",367938,699013,1442,122400,202513,496500,120000,2400,85259,738916,986,13878,839039,24744,24398,346,746,6027,889,207820,36724,171096,299106.696699875,81.3,66.3,-13.9397568728682,103
11.41,"Open","Optional","No_or_limited_measures","Delta",2929,78.12,112,51,131.17,143,75,99,54,45.5472226454968,58.8800435144585,65,"Summer",365059,699025,2514,122400,202525,496500,120000,2650,87285,760327,1453,15723,864788,28430,28047,383,840,5994,869,222271,42353,179918,299106.714573713,81.3,66,-14.1891738246589,88
11.41,"Open","Optional","No_or_limited_measures","Delta",2905,66.31,114,50,114.32,99,68,90,51,42.661308960506,55.1690216935912,63,"Summer",396094,695025,2440,122400,202525,492500,120000,2691,97800,790266,1018,14454,903538,30237,29831,406,852,6114,853,215020,43847,171173,299106.795106195,81.2,65.7,-14.4385821210084,84
11.41,"Open","Optional","No_or_limited_measures","Delta",2889,65.24,114,49,114.84,122,71,94,52,41.5728997560836,56.1825857994983,62,"Summer",369375,691025,2890,122400,202525,488500,120000,2400,109091,679970,1710,11183,801954,29574,29149,425,922,6105,848,187052,35402,151650,299106.863084969,81.1,65.4,-14.6879789564182,77
11.41,"Open","Optional","No_or_limited_measures","Delta",2894,56.58,113,49,113.53,153,75,99,53,40.2370099115224,56.6288519931804,62,"Summer",247812,703325,1667,122400,202525,500800,120000,2400,95730,716679,764,10152,823325,29977,29566,411,941,6010,820,178955,30019,148936,299106.872224531,81.1,65.1,-14.9373715712241,79
7.01,"Open","Optional","No_or_limited_measures","Delta",2897,76.91,102,90,98.15,86,65,81,64,56.1589132174591,70.0663765161161,69,"Summer",282044,686025,53,122400,202525,483500,120000,2400,70141,709621,53,12327,792142,22172,21892,280,939,5653,779,142507,24551,117956,299106.831324391,81,64.8,-15.1867689308648,71
7.01,"Open","Optional","No_or_limited_measures","Delta",2882,87.32,103,88,147,96,65,89,65,50.6476422289935,65.8712613009851,67,"Summer",367222,686025,619,122400,202525,483500,120000,2400,75809,664538,619,12403,753369,22849,22565,284,828,5384,755,247691,43805,203886,299106.783371239,81,64.6,-15.4361739794715,69
7.01,"Open","Optional","No_or_limited_measures","Delta",2882,77.7,111,55,135.04,135,70,99,57,43.5780344225352,60.5159812120886,65,"Summer",385946,680025,2330,122400,202525,477500,120000,2400,81371,812806,1038,14808,910023,27764,27424,340,867,5317,715,232315,42974,189341,299106.765197182,80.9,64.3,-15.6855826681551,83
7.01,"Open","Optional","No_or_limited_measures","Delta",2877,69.78,112,54,122.97,153,72,102,55,43.0509456963989,60.0181743882999,66,"Summer",409628,659885,2873,122400,202385,457500,120000,2400,95468,904735,1283,14451,1015937,31274,30908,366,955,5107,699,232333,44036,188297,299106.78223124,80.8,63.9,-15.9349889362573,85
7.01,"Open","Optional","No_or_limited_measures","Delta",2831,63.84,112,55,117.9,148,71,101,54,41.5221495122975,60.289978588926,65,"Summer",412917,659085,3431,122400,202385,456700,120000,2400,99995,917297,1334,15995,1034621,35535,35114,421,930,4936,647,228439,45101,183338,299106.812793737,80.7,63.6,-16.1843901497343,61
7.01,"Open","Optional","No_or_limited_measures","Delta",2788,59.4,112,52,108.4,145,69,99,54,40.1200673930828,59.6013796416555,63,"Summer",404394,646085,2625,122400,202385,443700,120000,2400,103438,772586,1167,10276,887467,39869,39288,581,938,4748,618,200314,39035,161279,299106.831035646,80.7,63.3,-16.4337884383774,68
7.01,"Open","Optional","No_or_limited_measures","Delta",2729,50.56,112,54,106.09,153,74,104,54,40.1536481479941,60.9709931328291,62,"Summer",356566,629385,2443,122400,202385,427000,120000,2400,91887,988703,1007,9205,1090802,47911,47280,631,877,4655,611,179230,35670,143560,299106.826889416,80.6,63,-16.6831878165694,88
4.33,"Open","Yes","Social_distancing","Delta",2652,80.05,100,91,107.34,150,67,93,67,58.843200426833,77.7134488386369,71,"Summer",323051,652385,85,122400,202385,450000,120000,2400,67697,961769,85,12387,1041938,36180,35756,424,799,4351,582,147064,18186,128878,299106.809264233,80.5,62.8,-16.9325904493328,72
4.33,"Open","Yes","Social_distancing","Delta",2588,92.44,101,89,154.21,134,66,96,67,51.7761177551633,72.1425827745643,72,"Summer",402031,652385,401,122400,202385,450000,120000,2400,64017,702174,401,13130,779722,38473,38064,409,710,4235,583,292431,67217,225214,299106.794559327,80.5,62.5,-17.1819953224275,60
4.33,"Open","Yes","Social_distancing","Delta",2519,79.54,110,60,131.43,148,70,103,58,43.6165453239559,65.5522338600639,66,"Summer",426437,646385,3443,122400,202385,444000,120000,2400,75868,880078,1746,15814,973506,55262,54601,661,700,4155,573,271805,69491,202314,299106.792733197,80.4,62.2,-17.4313998308082,55
4.33,"Open","Yes","Social_distancing","Delta",2456,66.14,113,58,115.1,132,70,100,54,42.9249258946537,63.8662388584917,63,"Summer",458737,644403,3356,122400,202403,442000,120000,2400,84135,1080202,1409,16512,1182258,61996,61194,802,775,4042,551,263574,61681,201893,299106.801732621,80.3,61.8,-17.6808022894711,54
4.33,"Open","Yes","Social_distancing","Delta",2411,61.78,113,58,114.49,143,70,99,55,42.3403543377604,64.338083132167,64,"Summer",422251,648460,3178,122400,202403,442000,120000,6457,101559,1082929,1338,20966,1206792,54909,54190,719,755,3861,545,246035,60374,185661,299106.812147657,80.2,61.5,-17.9302030924187,47
4.33,"Open","Yes","Social_distancing","Delta",2369,53.69,113,57,108.77,136,69,100,54,41.0985674183807,64.8213746003751,65,"Summer",407644,608210,3200,122400,202403,403000,120000,5207,108220,811105,1593,13191,934109,47704,47069,635,750,3677,522,217349,59073,158276,299106.816009231,80.1,61.1,-18.1796038941898,50
4.33,"Open","Yes","Social_distancing","Delta",2340,44.36,114,55,96.2,114,66,92,53,39.0917680847969,61.9668063114936,63,"Summer",333425,578715,1798,122400,202403,372000,120000,6712,92019,975653,734,20324,1088730,44505,43947,558,732,3462,482,179656,54296,125360,299106.812223226,80,60.9,-18.4290059554489,43
5.38,"Open","Yes","Social_distancing","Delta",2343,87.88,100,94,139.23,131,75,96,73,77.7311635988043,82.4030548885405,86,"Summer",363071,625047,162,122400,202403,418000,120000,7044,67311,1029667,162,24682,1121822,30502,30183,319,594,3186,454,149620,42000,107620,299106.805561447,79.9,60.6,-18.6784092056147,36
5.38,"Open","Yes","Social_distancing","Delta",2343,95.53,103,89,148.28,101,67,95,65,54.6217071560301,69.3023380748177,69,"Summer",377192,625818,651,122400,202403,418000,120000,7815,68640,652032,651,19123,740446,28373,28055,318,552,3040,448,305209,93763,211446,299106.801639064,79.8,60.5,-18.9278126182902,45
5.38,"Open","Yes","Social_distancing","Delta",2328,80.33,111,61,128.76,130,68,101,57,44.5067562232963,65.2751080723944,65,"Summer",397434,639188,3017,122400,202403,430000,120000,9185,85187,809438,1699,9100,905424,32799,32394,405,559,2943,437,268902,90083,178819,299106.802597093,79.6,60.1,-19.1772152790655,52
5.38,"Open","Yes","Social_distancing","Delta",2307,66.35,113,59,112.12,132,69,99,54,43.8385694573066,64.0836802412212,63,"Summer",415209,614384,3694,122400,202389,404000,120000,10395,92397,993224,1796,27614,1115031,33999,33575,424,608,2772,417,271897,96430,175467,299106.806453886,79.5,59.8,-19.4266171068828,42
5.38,"Open","Yes","Social_distancing","Delta",2285,55.67,112,59,117.7,125,71,100,56,46.5395187889846,65.3123187531384,68,"Summer",430435,633640,2530,122400,202389,422000,120000,11651,104560,1104496,1697,23430,1234183,38593,38085,508,571,2685,417,258430,86953,171477,299106.809634253,79.3,59.5,-19.676018721481,36
5.38,"Open","Yes","Social_distancing","Delta",2247,54.19,114,58,102.88,98,67,94,54,44.5765736064809,63.1338020815075,64,"Summer",402203,629659,2688,122400,202389,422000,120000,7670,107822,843541,1296,16464,969123,36040,35576,464,577,2490,392,238937,85811,153126,299106.80999616,79.1,59.2,-19.9254207691423,35
5.38,"Open","Yes","Social_distancing","Delta",2217,50.43,112,59,101.63,136,72,99,54,42.1088246954116,64.5881907572814,61,"Summer",339659,607512,1854,122400,200483,4e+05,120000,9429,98007,1061812,886,17085,1177790,34897,34394,503,521,2368,369,224776,76962,147814,299106.808016469,79,58.9,-20.174823387627,29
-4.81,"Open","Yes","Social_distancing","Delta",2203,83.57,103,91,99.91,112,70,90,63,56.1393226761883,74.5823751891135,68,"Summer",361003,608659,23,122400,200483,4e+05,120000,10576,77130,1179895,23,20440,1277488,25155,24834,321,470,2181,336,188632,77222,111410,299106.805754714,78.9,58.6,-20.4242262148227,29
-4.81,"Open","Yes","Social_distancing","Delta",2184,92.42,103,90,146.24,99,65,94,65,53.5772589980381,69.8888980442465,73,"Summer",337826,608044,231,122400,200483,4e+05,120000,9961,72667,562258,231,20003,655159,24007,23708,299,396,2061,327,333598,137389,196209,299106.804934814,78.7,58.5,-20.6736288042821,31
-4.81,"Open","Yes","Social_distancing","Delta",2155,81.16,111,62,128.14,137,68,101,58,44.8758949633148,65.7629400090342,66,"Summer",395334,601370,2341,122400,200483,394000,120000,9287,87278,766373,1472,21128,876251,26340,25980,360,391,2017,321,301083,123605,177478,299106.805775826,78.5,58.1,-20.9230310105925,32
-4.81,"Open","Yes","Social_distancing","Delta",2126,69.81,112,60,114.72,145,71,101,55,45.2157789432511,65.538056762461,64,"Summer",414744,605887,1462,122400,200478,399000,120000,8809,92813,1008229,864,20329,1122235,28794,28310,484,373,1940,300,345591,152525,193066,299106.807227717,78.3,57.8,-21.1724330365011,28
-4.81,"Open","Yes","Social_distancing","Delta",2106,64.65,111,59,107.73,125,68,98,53,43.6154581344683,64.5774216936731,61,"Summer",426845,594826,2881,122400,200478,389000,120000,7748,96078,1129008,1238,22438,1248762,28922,28519,403,417,1830,287,316965,141216,175749,299106.808070871,78,57.5,-21.4218351839607,26
-4.81,"Open","Yes","Social_distancing","Delta",2074,55.09,112,57,103.92,103,66,92,52,44.0344652989396,64.2373143808434,63,"Summer",382071,584573,2201,122400,199070,382000,120000,5903,109039,758984,1383,13691,883097,28199,27788,411,368,1751,283,288679,137991,150688,299106.807850281,77.8,57.2,-21.6712375834241,24
-4.81,"Open","Yes","Social_distancing","Delta",2046,47.47,112,58,97.15,124,70,98,53,41.6816415036791,63.3057446163056,62,"Summer",286682,579147,1348,122400,199070,377000,120000,5477,95170,999273,889,17179,1112511,28418,27940,478,310,1748,297,265276,127260,138016,299106.80700646,77.5,56.9,-21.9206401280457,18
-6.68,"Open","Yes","Social_distancing","Delta",2013,84.73,103,91,99.15,107,68,89,62,58.2570164098144,71.8338902357125,67,"Summer",309787,598070,40,122400,199070,399000,120000,2400,72232,1122938,40,14899,1210109,18502,18226,276,267,1610,263,263267,139712,123555,299106.806318731,77.3,56.7,-22.1700426177216,24
-6.68,"Open","Yes","Social_distancing","Delta",1994,105.42,102,90,157.3,125,69,95,68,58.2406232803064,69.8139226075133,73,"Summer",330511,596070,322,122400,199070,397000,120000,2400,70348,523540,322,16714,610924,16300,16058,242,268,1549,256,433946,234441,199505,299106.80624771,77.1,56.4,-22.4194449450523,17
-6.68,"Open","Yes","Social_distancing","Delta",1990,83.28,111,62,127.36,124,69,101,58,45.1965473753927,66.0008594254918,67,"Summer",385892,596070,2845,122400,199070,397000,120000,2400,85497,749398,1359,15617,851871,18169,17866,303,257,1542,257,377267,202497,174770,299106.806683097,76.7,56.1,-22.6688471610845,22
-6.68,"Open","Yes","Social_distancing","Delta",1970,70.04,112,60,110.57,135,70,100,54,44.7062995795082,65.4565489714182,64,"Summer",390514,584073,1666,122400,199073,385000,120000,2400,89102,974813,1429,15500,1080844,18712,18404,308,255,1521,259,399347,221534,177813,299106.807174198,76.3,55.8,-22.9182493957378,29
-6.68,"Open","Yes","Social_distancing","Delta",1970,65.86,112,60,109.11,146,70,99,54,43.9996125988848,65.4824436773617,63,"Summer",369430,574073,2977,122400,199073,375000,120000,2400,98995,1042711,1234,6423,1149363,18350,18023,327,275,1500,246,375635,207647,167988,299106.807348149,75.9,55.5,-23.1676517326939,9
-6.68,"Open","Yes","Social_distancing","Delta",1952,57.27,113,59,101.99,117,69,98,53,43.5853686946873,65.3486864309189,63,"Summer",359585,574073,2129,122400,199073,375000,120000,2400,111714,700159,1426,10093,823392,17403,17097,306,242,1546,250,550712,299837,250875,299106.807161429,75.6,55.2,-23.4170541519696,17
-6.68,"Open","Yes","Social_distancing","Delta",1942,48.8,114,58,86.16,94,65,93,51,41.0379325496707,62.9252047872482,59,"Summer",266928,574073,1316,122400,199073,375000,120000,2400,97791,930127,1125,8117,1037160,16307,16032,275,233,1522,228,60405,21080,39325,299106.806845041,75,54.8,-23.6664565710037,12
0.35,"Open","Yes","Social_distancing","Delta",1945,111.09,103,92,86.62,104,71,90,60,54.795400600576,71.6956248174432,63,"Summer",274072,579073,258,122400,199073,380000,120000,2400,71338,1062201,88,15878,1149505,10087,9926,161,207,1388,210,273158,163750,109408,299106.806663849,75,54.7,-23.9158589271352,22
0.35,"Open","Yes","Social_distancing","Delta",1943,96.25,104,89,131.67,92,65,95,62,52.1838824682223,67.9079017541956,67,"Summer",321938,579073,277,122400,199073,380000,120000,2400,71644,494861,277,19182,585964,8445,8298,147,211,1353,215,516604,280241,236363,299106.806714483,74.7,54.5,-24.1652612241176,20
0.35,"Open","Yes","Social_distancing","Delta",1927,73.47,113,61,115.87,77,60,94,55,44.5418140924601,62.2272863339065,68,"Summer",349836,579073,3382,122400,199073,380000,120000,2400,86237,684079,1815,19332,791463,10320,10099,221,239,1368,223,428817,223140,205677,299106.806899071,74.2,54.1,-24.4146635131993,18
0.35,"Open","Yes","Social_distancing","Delta",1921,66.85,113,59,104.56,106,65,98,53,43.3696518091524,63.6569629822328,63,"Summer",356381,579131,3476,122400,199131,380000,120000,2400,89727,934255,1812,13197,1038991,11106,10856,250,245,1326,210,467238,243978,223260,299106.807047761,73.8,53.7,-24.6640658398626,9
0.35,"Open","Yes","Social_distancing","Delta",1897,66.05,112,60,106.07,148,68,101,54,43.0243968110322,64.7687220901601,64,"Summer",354712,579131,3995,122400,199131,380000,120000,2400,104076,983593,1660,15566,1104895,11051,10856,195,230,1261,208,430399,195565,234834,299106.807061531,73.4,53.3,-24.9134682079899,16
0.35,"Open","Yes","Social_distancing","Delta",1877,60.08,112,60,103.74,146,69,103,54,42.2051356830909,64.9080460655542,63,"Summer",333457,579131,2414,122400,199131,380000,120000,2400,112504,653345,1707,10977,778533,10796,10561,235,230,1236,206,420699,190033,230666,299106.8069658,73.1,52.9,-25.162870586615,21
0.35,"Open","Yes","Social_distancing","Delta",1863,49.88,112,59,96.49,160,70,104,54,40.6660007593466,63.8964393323915,62,"Summer",185422,579462,1289,122400,199462,380000,120000,2400,88429,848055,792,8141,945417,10362,10171,191,227,1185,188,368555,132627,235928,299106.806859181,72.7,52.5,-25.4122729435729,13
1.84,"Open","Yes","Social_distancing","Delta",1835,64.33,100,91,103.51,159,67,95,66,60.8576334024201,76.9512459279787,76,"Summer",233209,579462,435,122400,199462,380000,120000,2400,68775,969663,435,12974,1051847,7135,7009,126,223,1144,188,328349,147228,181121,299106.806822305,72.5,52.1,-25.6616752721008,12
1.84,"Open","Yes","Social_distancing","Delta",1824,95.55,101,90,150.08,139,66,100,66,54.5360301708084,71.5340214661511,76,"Summer",279196,583462,273,122400,199462,384000,120000,2400,70094,438001,273,17195,525563,6284,6163,121,178,1109,169,574511,254185,320326,299106.806863739,72.3,51.8,-25.9110775903086,12
1.84,"Open","Yes","Social_distancing","Delta",1819,82.37,111,63,123.29,134,68,104,58,43.8991904018173,66.1295243963732,70,"Summer",318590,573462,2688,122400,199462,374000,120000,2400,82766,642071,1562,10956,737355,7619,7466,153,180,1080,161,515723,208531,307192,299106.806932675,71.8,51.2,-26.1604799204275,13
1.84,"Open","Yes","Social_distancing","Delta",1835,74.07,112,61,108.8,145,70,104,55,43.7638390368251,64.3501801177363,64,"Summer",335695,573459,3426,122400,199459,374000,120000,2400,83936,843938,1725,17852,947451,8042,7881,161,201,1098,158,509645,201607,308038,299106.806971601,71.4,50.7,-26.4098822696388,16
1.84,"Open","Yes","Social_distancing","Delta",1878,69.97,112,60,108.97,163,70,104,55,42.9461354389206,64.4808864524712,63,"Summer",334008,573488,2716,122400,199459,369000,120000,7429,97952,965526,1785,22551,1087814,8210,8071,139,191,1067,159,492817,176559,316258,299106.806960012,71.1,50.2,-26.6592846277905,17
1.84,"Open","Yes","Social_distancing","Delta",1928,62.82,112,59,104.24,160,70,103,54,42.0279385675228,64.443414511349,62,"Summer",322281,571766,3959,122400,199459,369000,120000,5707,105734,606475,1729,13852,727790,7896,7720,176,189,1060,154,450284,136802,313482,299106.806919638,70.8,49.6,-26.9086869798388,15
1.84,"Open","Yes","Social_distancing","Delta",1946,57.31,112,58,96.8,165,72,104,54,40.455002757003,62.5046258426667,59,"Summer",215642,591778,2340,122400,203538,384000,120000,6640,92011,840503,1706,13655,947875,7945,7789,156,177,1038,148,419009,112941,306068,299106.806887497,70.6,49.1,-27.1580893193233,6
-4.39,"Open","Yes","Social_distancing","Delta",1960,87.75,102,91,97.28,138,69,93,62,53.0068607936084,72.6685041819852,69,"Summer",217947,569060,357,122400,203538,360000,120000,7922,72982,1151061,357,16814,1241214,5533,5432,101,156,967,145,387286,127345,259941,299106.806884868,70.4,48.6,-27.407491651604,13
-4.39,"Open","Yes","Social_distancing","Delta",1966,101.07,101,89,155.6,141,67,99,66,52.214262915449,70.6158820937564,74,"Summer",252659,577334,595,122400,203538,367400,120000,8796,70606,391525,595,20178,482904,4731,4661,70,128,941,135,676991,203613,473378,299106.806905911,70.1,48.1,-27.6568939866551,7
-4.39,"Open","Yes","Social_distancing","Delta",1992,84.9,114,51,113.33,80,61,92,52,41.6267834447006,53.3007245070887,64,"Summer",297610,578618,3382,122400,203538,367400,120000,10080,77967,571268,2386,21221,672842,5860,5758,102,126,968,130,567955,179924,388031,299106.806929056,69.8,47.3,-27.9062963298042,14
-4.39,"Open","Yes","Social_distancing","Delta",1920,80.09,113,49,122.45,164,72,102,52,42.8788187266055,56.012576189064,64,"Summer",314670,578759,4206,122400,203866,367400,120000,9893,80254,705975,2201,23430,811860,6256,6129,127,128,941,134,568907,191266,377641,299106.806936866,69.5,46.6,-28.1556986784825,16
-4.39,"Open","Yes","Social_distancing","Delta",1859,80.1,113,49,118.88,161,70,100,52,41.4120563157214,55.5285949799626,62,"Summer",308366,577638,3713,122400,203866,367400,120000,8772,93292,738341,1856,19657,853146,6168,6071,97,131,964,129,521782,172763,349019,299106.806927677,69.1,45.9,-28.4051010262106,12
-4.39,"Open","Yes","Social_distancing","Delta",1834,74.16,112,47,118.75,173,72,103,52,41.0466290467767,56.3034644817329,61,"Summer",224611,573439,2596,122400,203416,367400,120000,5023,96865,561458,1402,12555,672280,5431,5286,145,157,933,136,447072,108507,338565,299106.806912658,68.8,45.3,-28.6545033688328,10
-4.39,"Open","Yes","Social_distancing","Delta",1832,135.66,114,24,119.79,240,79,93,45,30.408364574892,44.2273584164092,71,"Spring",159015,654083,217,122400,203413,442400,120000,10670,71279,524074,217,16620,612190,3897,3802,95,124,932,122,288649,93103,195546,299106.806904298,68.6,44.7,-28.9039057073622,11
-3.28,"Open","Yes","Social_distancing","Delta",1806,145.22,99,86,128.99,167,75,94,69,65.6041807747293,79.8110020796584,78,"Spring",192178,648080,369,122400,203416,435000,120000,12064,67026,537636,260,21710,626632,3164,3106,58,112,910,124,331209,124887,206322,299106.806906944,68.5,44.4,-29.1533080459187,9
-3.28,"Open","Yes","Social_distancing","Delta",1764,122.24,101,85,162.5,130,67,97,68,54.4434797812367,70.0192399573366,75,"Spring",256732,655056,524,122400,203416,442400,120000,11640,60134,399675,524,23142,483475,2999,2952,47,105,890,119,602374,183526,418848,299106.806915773,68.3,44.1,-29.4027103876166,12
-3.28,"Open","Yes","Social_distancing","Delta",1692,90.47,110,61,122.15,121,68,103,58,45.1125235904749,65.5286008631663,67,"Spring",293445,655059,3421,122400,203416,442400,120000,11643,76397,574320,2105,26596,679418,3589,3508,81,139,889,124,640393,204442,435951,299106.80692272,67.9,43.3,-29.6521127322572,14
-3.28,"Open","Yes","Social_distancing","Delta",1704,85.33,112,60,102.89,147,70,101,54,43.2131199109047,65.2268184196317,63,"Spring",334741,653428,4309,122400,203411,442400,120000,10017,81290,853002,1989,25974,962255,3747,3648,99,127,875,120,690613,256517,434096,299106.806923212,67.6,42.6,-29.9015150772817,8
-3.28,"Open","Yes","Social_distancing","Delta",1665,80.04,113,59,94.09,124,64,98,53,41.6646848060465,64.224027318326,59,"Spring",334104,652516,6346,122400,203411,442400,120000,9105,99166,1004373,1862,28724,1134125,3921,3831,90,132,898,125,663577,236119,427458,299106.806918587,67.1,41.8,-30.1509174204278,14
-3.28,"Open","Yes","Social_distancing","Alpha",1589,77.8,113,57,87.67,112,63,97,52,40.3234201653898,63.4206582673064,57,"Spring",314987,650668,6026,122400,203411,442400,120000,2400,110130,618343,1856,18593,748922,3427,3329,98,133,924,128,574134,186147,387987,299106.806913564,66.7,41.1,-30.4003197615099,10
-3.28,"Open","Yes","Social_distancing","Alpha",1511,52.39,114,57,78.4,107,63,95,51,38.9497753889064,62.1392605019298,55,"Spring",192492,650842,11628,122400,203411,442400,120000,2400,97505,847761,1756,23862,970884,3368,3265,103,139,963,121,455334,122379,332955,299106.806911911,66.4,40.4,-30.6497221020752,16
-3.55,"Open","Yes","Social_distancing","Alpha",1475,94.7,104,85,84.71,98,63,87,59,49.7878831407797,69.3719470084911,66,"Spring",195577,638411,5044,122400,203411,435000,120000,2400,70946,1082610,209,17803,1171568,2326,2262,64,116,927,120,378496,126357,252139,299106.806913948,66.2,39.8,-30.8991244437245,16
-3.55,"Open","Yes","Social_distancing","Alpha",1457,123.45,104,84,135.84,98,63,95,63,54.4731728880284,64.6582612651528,69,"Spring",250054,645811,4580,122400,203411,442400,120000,2400,72983,402594,417,18875,494869,2000,1940,60,119,890,123,762361,205410,556951,299106.80691722,66,39.4,-31.1485267867898,4
-3.55,"Open","Yes","Social_distancing","Alpha",1443,97.24,113,60,102.68,85,59,96,55,42.7296196011376,64.0898619018991,63,"Spring",307668,645810,9043,122400,203410,442400,120000,2400,82914,616645,2380,22871,724810,2365,2309,56,125,925,124,646340,219657,426683,299106.806919015,65.6,38.4,-31.3979291303654,18
-3.55,"Open","Yes","Social_distancing","Alpha",1428,82.36,114,58,89.23,104,62,97,51,41.6189597324477,63.4433998059833,59,"Spring",290998,645811,14429,122400,203411,442400,120000,2400,83485,887039,2089,25531,998144,2517,2432,85,132,915,123,688563,268251,420312,299106.806918412,65.2,37.7,-31.6473314733442,7
-3.55,"Open","Yes","Social_distancing","Alpha",1378,73.75,113,58,88.89,122,63,96,53,40.7641175758723,63.8005342627377,58,"Spring",328217,645811,13582,122400,203411,442400,120000,2400,101392,1056953,1991,28573,1188909,2812,2736,76,128,921,122,633876,264858,369018,299106.806916481,64.8,36.9,-31.8967338153716,4
-3.55,"Open","Yes","Social_distancing","Alpha",1329,65.74,113,56,83.84,115,63,95,53,39.6703989446242,63.3475148007798,57,"Spring",301725,645811,19663,122400,203411,442400,120000,2400,107549,614372,1701,29222,752844,2812,2725,87,128,902,124,498101,174100,324001,299106.80691498,64.3,36.3,-32.146136156956,11
-3.55,"Open","Yes","Social_distancing","Alpha",1281,77.52,114,56,76.6,110,64,92,52,38.5295870403109,62.6267451450154,56,"Spring",169421,645811,26700,122400,203411,442400,120000,2400,89841,880761,1391,33489,1005482,2858,2765,93,102,947,125,365782,106733,259049,299106.806914891,64,35.7,-32.3955384988468,13
5.41,"Open","Yes","Social_distancing","Alpha",1249,38.15,107,82,66.55,90,55,88,52,39.8318387337287,62.3394409621776,53,"Spring",182181,618411,24545,122400,203411,415000,120000,2400,70406,1003968,90,37304,1111768,1922,1866,56,81,945,123,315063,131318,183745,299106.806915907,63.8,35.3,-32.644940841364,14
5.41,"Open","Yes","Social_distancing","Alpha",1217,39.84,107,79,101.76,91,55,94,56,42.4744771165038,59.8186288648062,59,"Spring",251275,625811,27372,122400,203411,422400,120000,2400,74442,368227,503,39737,482909,1626,1583,43,91,970,121,628577,237331,391246,299106.806916997,63.6,35,-32.8943431842387,15
5.41,"Open","Yes","Social_distancing","Alpha",1196,39.91,114,58,86.18,115,56,99,52,37.1905721908249,61.1784918214498,54,"Spring",274067,625811,34212,122400,203411,422400,120000,2400,78543,574390,2233,45755,700921,1936,1864,72,97,980,124,613470,220068,393402,299106.806917346,63.2,34.3,-33.1437455269737,14
5.41,"Open","Yes","Social_distancing","Alpha",1168,34.04,115,53,73.46,104,54,94,49,35.59739748768,57.6199209557701,51,"Spring",294986,645838,40648,122400,203438,442400,120000,2400,86026,886203,1971,53869,1028069,2182,2112,70,103,1004,129,637325,209284,428041,299106.806916895,62.8,33.6,-33.3931478693047,15
5.41,"Open","Yes","Social_distancing","Alpha",1174,36.56,114,56,77.98,132,60,99,51,35.8703163171604,61.764099584542,51,"Spring",322348,650838,24528,122400,203438,447400,120000,2400,97331,1065631,2735,39570,1205267,2335,2243,92,122,1071,136,636647,184210,452437,299106.806916182,62.4,32.8,-33.6425502113611,15
5.41,"Open","Yes","Social_distancing","Alpha",1168,33.42,114,56,76.49,131,59,96,51,36.215838368981,62.414824379678,51,"Spring",300196,645838,2814,122400,203438,442400,120000,2400,108179,592503,1539,13773,715994,2328,2251,77,109,1108,138,485260,135113,350147,299106.806915797,62.1,32.1,-33.891952553466,21
5.41,"Open","Yes","Social_distancing","Alpha",1177,31.41,114,55,70.72,134,60,96,50,34.8750827772226,61.8729499142208,49,"Spring",163477,635580,1800,122400,203180,432400,120000,2400,93196,862080,1788,8895,965959,2808,2725,83,105,1131,149,346888,115053,231835,299106.806915934,61.9,31.5,-34.1413548958257,8
-19.2,"Open","Yes","Social_distancing","Alpha",1171,54.69,105,83,77.85,150,60,91,57,45.6008700826989,66.6838472296662,59,"Spring",216706,648180,358,122400,203180,445000,120000,2400,73561,1233565,358,15557,1323041,2307,2229,78,103,1120,144,287797,100626,187171,299106.806916356,61.7,31.1,-34.3907572383888,11
-19.2,"Open","Yes","Social_distancing","Alpha",1170,35.51,109,79,86.08,70,49,90,50,35.1562604040789,54.8480137356709,54,"Spring",268158,655580,1159,122400,203180,452400,120000,2400,73701,401507,1159,14624,490991,1607,1560,47,111,1139,151,607864,169027,438837,299106.806916681,61.5,30.7,-34.6401595809499,20
-19.2,"Open","Yes","Social_distancing","Alpha",1169,40.96,114,59,84.86,126,56,98,52,37.1253722275853,62.0773323997871,53,"Spring",301921,650580,2686,122400,203180,447400,120000,2400,86665,605562,2114,14779,709120,1981,1909,72,104,1159,159,598823,133001,465822,299106.806916696,61.2,30,-34.889561923354,17
-19.2,"Open","Yes","Social_distancing","Alpha",1142,36.23,115,55,80.91,126,57,100,50,35.5648028195114,60.3583110967147,50,"Spring",326633,650553,3693,122400,203153,447400,120000,2400,85314,963396,1675,18026,1068411,2325,2235,90,120,1161,163,608471,135470,473001,299106.806916473,61,29.2,-35.1389642656118,17
-19.2,"Open","Yes","Social_distancing","Alpha",1129,30.51,116,56,72.09,107,53,93,49,34.9017891181907,60.3512268395833,48,"Spring",313925,653613,3802,122400,203153,447400,120000,5460,99729,1087576,2202,17948,1207455,2568,2467,101,120,1241,182,543323,139097,404226,299106.806916237,60.7,28.3,-35.388366607851,22
-19.2,"Open","Yes","Social_distancing","Alpha",1144,28.01,116,54,68.85,102,53,95,49,34.1291291347289,59.7258504112302,48,"Spring",222051,657186,1494,122400,203153,452400,120000,4033,105080,751134,1494,14366,872074,2550,2459,91,103,1297,181,384656,127170,257486,299106.806916163,60.5,27.6,-35.637768950184,15
-19.2,"Open","Yes","Social_distancing","Alpha",1140,45.33,123,23,66.06,126,60,84,35,21.4982705119354,35.1219924977969,51,"Spring",145567,660761,296,122400,203153,452400,120000,7608,76006,986171,296,13951,1076424,2084,2024,60,123,1304,187,200099,72600,127499,299106.806916263,60.3,27.2,-35.8871712926197,17
-7.61,"Open","Yes","Social_distancing","Alpha",1143,50.13,104,80,78.84,124,58,89,56,47.4679909434788,64.9545220156015,60,"Spring",190125,653361,545,122400,203153,445000,120000,7608,68229,748059,545,17918,834751,1521,1467,54,120,1286,196,262815,89924,172891,299106.806916418,60.2,27,-36.136573635081,19
-7.61,"Open","Yes","Social_distancing","Alpha",1139,43.39,106,79,102.57,106,56,96,57,43.122673513723,61.1399908352675,60,"Spring",257173,653233,590,122400,203153,444200,120000,8280,61122,405678,590,17075,484465,1431,1379,52,102,1288,188,515479,143175,372304,299106.806916501,60,26.7,-36.3859759774879,15
-7.61,"Open","Yes","Social_distancing","Alpha",1134,41.5,114,58,87.56,119,57,102,53,36.7805246103184,61.6620852314721,53,"Spring",272716,654414,2182,122400,203153,444200,120000,9461,81693,564272,2082,19710,667757,1825,1741,84,114,1367,185,567374,145589,421785,299106.80691647,59.8,26,-36.6353783198244,16
-7.61,"Open","Yes","Social_distancing","Alpha",1139,36.72,115,55,75.49,119,56,98,49,35.376548027281,60.6063199465528,50,"Spring",316540,655782,3543,122400,203151,444200,120000,10831,87343,959796,1970,25122,1074231,2230,2138,92,103,1465,196,614135,122568,491567,299106.806916377,59.5,25.3,-36.8847806621356,17
-7.61,"Open","Yes","Social_distancing","Alpha",1132,29.56,116,55,68.54,95,51,91,48,34.1153672953757,58.9899652108461,47,"Spring",339105,661229,3403,122400,203151,449200,120000,11278,102949,1226188,1738,27264,1358139,2499,2415,84,112,1516,208,597025,134140,462885,299106.806916307,59.3,24.4,-37.1341830044768,21
-7.61,"Open","Yes","Social_distancing","Alpha",1120,35.17,115,54,74.56,134,57,94,50,34.5942871023398,60.5499049064906,49,"Spring",288007,660933,2821,122400,203151,449200,120000,10982,105097,607528,1659,20487,734771,2177,2105,72,169,1573,214,495593,116328,379265,299106.806916305,59.1,23.6,-37.3835853468653,25
-7.61,"Open","Yes","Social_distancing","Alpha",1105,30.28,115,55,69.02,142,59,96,49,34.0610349839744,60.2508273944432,47,"Spring",184421,662548,3049,122400,203151,449200,120000,12597,90204,928974,1557,24505,1045240,2627,2512,115,135,1650,227,395383,90695,304688,299106.806916354,58.9,23,-37.6329876892758,21
-4.84,"Open","Yes","Social_distancing","Alpha",1097,43.8,106,80,72.72,133,57,90,54,44.2767027149043,62.4829197191418,55,"Spring",217751,639655,499,122400,203141,425000,120000,13914,74222,1380290,499,24330,1479341,2119,2046,73,138,1627,231,340496,79695,260801,299106.806916405,58.7,22.4,-37.8823900316709,27
-4.84,"Open","Yes","Social_distancing","Alpha",1096,40.94,105,80,110.76,138,56,96,58,44.1835834751331,60.3690041077888,60,"Spring",272768,665055,984,122400,203151,450100,120000,14204,75287,399096,984,25346,500713,1564,1514,50,130,1674,240,696403,148767,547636,299106.80691642,58.6,22,-38.1317923740348,24
-4.84,"Open","Yes","Social_distancing","Alpha",1094,39.93,114,57,90.51,144,56,100,52,36.5451189320826,59.3281180725075,54,"Spring",318827,665450,3146,122400,203151,450100,120000,14599,85579,611728,3047,25387,725741,2020,1931,89,157,1750,243,600801,135786,465015,299106.806916398,58.3,21,-38.3811947163809,29
-4.84,"Open","Yes","Social_distancing","Alpha",1097,41.25,115,55,79.18,144,57,97,49,34.7169539919357,60.1991082661476,49,"Spring",320459,670690,4224,122400,203150,450100,120000,19840,83163,993857,2322,33946,1113288,2409,2300,109,122,1792,261,562056,130986,431070,299106.806916365,58.1,20.2,-38.6305970587341,33
-4.84,"Open","Yes","Social_distancing","Alpha",1119,42.14,116,54,74.89,124,55,94,48,33.725671554768,59.516860785406,47,"Spring",327012,653295,4016,122400,203150,450100,120000,2445,97479,1254128,2640,17290,1371537,2709,2614,95,173,1894,276,534693,117909,416784,299106.806916347,57.8,19.5,-38.8799994011075,35
-4.84,"Open","Yes","Social_distancing","Alpha",1118,50.95,115,53,80.72,143,56,95,50,34.5920245883064,60.400306003,49,"Spring",290075,659009,3469,122400,203150,450100,120000,8159,110927,604049,1821,18629,735426,2541,2417,124,134,1927,300,457649,107622,350027,299106.806916354,57.6,18.7,-39.1294017434944,35
-4.84,"Open","Yes","Social_distancing","Alpha",1118,38.36,115,53,74.08,166,60,97,50,33.3170928095829,59.0042650490191,48,"Spring",171921,657997,3454,122400,202938,450100,120000,7359,93322,941757,1440,15788,1052307,2738,2633,105,179,2008,318,373423,99672,273751,299106.806916374,57.4,18.1,-39.378804085879,23
-12.75,"Open","Yes","Social_distancing","Alpha",1121,50.46,105,80,77.32,161,57,92,58,43.399232521393,63.760507536113,55,"Spring",196825,650138,3297,122400,202938,447200,120000,2400,67888,1604231,227,5385,1677731,2584,2510,74,141,1984,311,304418,83225,221193,299106.806916389,57.3,17.7,-39.6282064282507,31
-12.75,"Open","Yes","Social_distancing","Alpha",1124,44.35,106,78,107.05,133,54,94,58,41.0113011655146,58.8557178356044,58,"Spring",272888,652738,927,122400,202938,449800,120000,2400,65872,411797,927,13182,491778,1721,1677,44,159,2036,323,639080,139445,499635,299106.80691639,57.1,17.3,-39.8776087706124,42
-12.75,"Open","Yes","Social_distancing","Alpha",1129,46.37,116,47,91.77,133,55,97,49,33.8854448155988,51.0946998428775,50,"Spring",282026,652738,2302,122400,202938,449800,120000,2400,79761,588138,2116,12190,682205,2347,2275,72,160,2141,332,635221,135557,499664,299106.806916379,56.9,16.4,-40.1270111129742,32
-12.75,"Open","Yes","Social_distancing","Alpha",1127,33.79,118,45,79.6,113,55,93,45,32.4153732776633,47.6950178424089,47,"Spring",284589,655338,4496,122400,202938,452400,120000,2400,79648,895315,2301,14601,991865,2344,2259,85,161,2196,329,547465,129782,417683,299106.806916368,56.6,15.5,-40.3764134553439,43
-12.75,"Open","Yes","Social_distancing","Alpha",1118,34.04,118,44,81.54,132,57,94,46,32.0227665895465,49.8405058348301,47,"Spring",298937,654438,5352,122400,202938,451500,120000,2400,92292,1049408,2280,20135,1164115,2512,2433,79,196,2296,351,461618,117835,343783,299106.806916364,56.4,14.8,-40.6258157977208,35
-12.75,"Open","Yes","Social_distancing","Alpha",1129,35.76,117,43,80.63,128,58,93,46,31.7611968649512,49.7243258337937,47,"Spring",273326,655438,3753,122400,202938,452500,120000,2400,109284,560740,2010,12279,684313,2495,2402,93,182,2410,370,388808,76123,312685,299106.806916369,56.2,14.2,-40.8752181400986,47
-12.75,"Open","Yes","Social_distancing","Alpha",1127,47.36,116,44,82.02,136,66,95,48,33.9281853601994,52.2373348854379,50,"Spring",156031,650438,3392,122400,202938,447500,120000,2400,84977,785255,1874,12612,884718,2878,2783,95,205,2494,377,261096,59905,201191,299106.806916377,56.1,13.7,-41.1246204824717,37
-11.61,"Open","Yes","Weak_lockdown","Alpha",1126,0.0799999999999983,108,75,61.03,135,39,85,46,29.3430191596041,50.0390000912334,42,"Spring",174877,648538,515,122400,202938,445600,120000,2400,63488,1143447,515,11474,1218924,2376,2334,42,205,2551,385,258888,69223,189665,299106.80691638,56,13.3,-41.3740228248398,41
-11.61,"Open","Yes","Weak_lockdown","Alpha",1131,0.019999999999996,112,72,63.04,80,34,87,42,23.3118038261665,43.6634514985021,35,"Spring",273500,649538,915,122400,202938,446600,120000,2400,75591,392004,915,13247,481757,2380,2333,47,186,2652,385,586339,111109,475230,299106.806916379,55.9,13,-41.6234251672065,43
-11.61,"Open","Yes","Weak_lockdown","Alpha",1113,0.0799999999999983,120,45,67.94,132,39,93,42,24.7467551538155,41.9993836475877,35,"Spring",311945,649138,4990,122400,202938,446200,120000,2400,84218,575712,2805,16179,678914,2952,2876,76,206,2794,405,557014,106878,450136,299106.806916374,55.7,12.2,-41.872827509576,38
-11.61,"Open","Yes","Weak_lockdown","Alpha",1080,0.019999999999996,121,42,64.08,127,41,90,39,24.622874422321,41.5558333482312,34,"Spring",322147,648345,5233,122400,202745,445600,120000,2400,88247,824848,2498,19511,935104,3147,3057,90,207,2873,421,545511,96242,449269,299106.806916371,55.5,11.4,-42.122229851949,62
-11.61,"Open","Yes","Weak_lockdown","Alpha",1054,0,121,42,62.76,112,40,88,39,24.8019466722958,40.3853296754289,35,"Spring",293441,646945,5104,122400,202745,444200,120000,2400,91326,921483,2354,21088,1036251,3253,3170,83,235,3020,440,507926,99530,408396,299106.806916371,55.3,10.6,-42.3716321943233,45
-11.61,"Open","Yes","Weak_lockdown","Alpha",1038,0,121,40,61.56,114,41,90,39,24.1675036103881,42.2302429944101,35,"Spring",203122,646045,2307,122400,202745,443300,120000,2400,92634,529472,2215,11162,635483,3312,3221,91,223,3144,453,272020,85227,186793,299106.806916373,55.1,9.9,-42.621034536696,45
-11.61,"Open","Yes","Weak_lockdown","Alpha",1024,0,126,21,52.2,148,39,82,28,12.7990172638361,26.866835327235,35,"Spring",133001,645945,440,122400,202745,443200,120000,2400,77750,667650,440,559,746399,2744,2681,63,238,3256,461,105334,40744,64590,299106.806916376,55,9.6,-42.8704368790664,45
-18.69,"Open","Yes","Weak_lockdown","Alpha",1041,0,106,69,56.55,181,31,64,47,29.2051192601561,47.1052017366175,41,"Spring",165204,633145,378,122400,202745,430400,120000,2400,65190,739343,378,10769,815680,2412,2366,46,197,3230,469,95763,48055,47708,299106.806916377,54.9,9.4,-43.1198392214357,53
-18.69,"Open","Yes","Weak_lockdown","Alpha",1043,0.019999999999996,111,66,63.38,99,35,93,41,22.3809043080351,44.665900856306,36,"Spring",217134,631845,535,122400,202745,429100,120000,2400,59637,333933,535,12903,407008,2506,2478,28,222,3245,478,286799,107886,178913,299106.806916375,54.8,9.4,-43.3692415638058,41
-18.69,"Open","Yes","Weak_lockdown","Alpha",1046,0,126,26,66.06,145,38,94,33,16.4575354066194,33.5027111719454,39,"Spring",281554,631545,1215,122400,202745,428800,120000,2400,58360,481181,1215,12718,553474,2747,2701,46,237,3377,485,354051,107420,246631,299106.806916374,54.6,9.1,-43.6186439061774,50
-18.69,"Open","Yes","Weak_lockdown","Alpha",1068,0,118,46,66.07,147,46,106,43,25.8099160560161,47.9231611113745,38,"Spring",299523,653528,4931,122400,202628,450900,120000,2400,83589,851448,2520,16227,953784,3674,3600,74,234,3558,517,616234,170818,445416,299106.806916373,54.5,8.6,-43.8680462485499,63
-18.69,"Open","Yes","Weak_lockdown","Alpha",1081,0.0100000000000051,118,49,69.4,160,43,96,44,26.2639159722831,50.9115389319539,38,"Spring",308156,683323,3675,122400,202628,477300,120000,5795,86521,1155454,2044,23462,1267481,3967,3899,68,270,3743,547,627008,239434,387574,299106.806916373,54.2,7.8,-44.1174485909221,74
-18.69,"Open","Yes","Weak_lockdown","Alpha",1083,0,116,48,78.52,218,45,96,45,27.6144810346004,53.2079420227217,41,"Spring",311086,767273,4242,122400,202628,562000,120000,5045,101861,580385,2348,17368,701962,3779,3702,77,257,3977,568,503599,225917,277682,299106.806916374,53.7,7.2,-44.3668509332932,54
-18.69,"Open","Yes","Weak_lockdown","Alpha",1098,0.0100000000000051,117,48,65.44,198,47,95,44,25.9544833506032,51.841856092269,38,"Spring",175473,790860,1419,122400,202398,583700,120000,7162,89694,875539,1329,15021,981583,4196,4113,83,251,4198,583,405039,236809,168230,299106.806916375,53.4,6.7,-44.6162532756637,71
-5.31,"Open","Yes","Moderate_lockdown","Alpha",1068,0,111,70,50.14,101,34,80,39,21.7259102693015,44.1398994641216,32,"Spring",198058,774984,2206,122400,202398,567900,120000,7086,63807,1559664,2082,19295,1644848,5029,4959,70,273,4186,582,441142,293548,147594,299106.806916375,52.9,6.4,-44.8656556180343,49
-5.31,"Open","Yes","Moderate_lockdown","Alpha",1038,0.0300000000000011,112,72,73.11,112,38,91,43,22.9157239005023,46.0776819218362,34,"Spring",288902,776984,1832,122400,202398,568900,120000,8086,68877,380684,950,21092,471603,3731,3683,48,273,4437,594,663162,424301,238861,299106.806916375,52.4,6.1,-45.1150579604055,64
-5.31,"Open","Yes","Moderate_lockdown","Alpha",1028,0.0100000000000051,121,50,55.54,86,36,92,41,23.5523417043987,49.619564139785,30,"Spring",296639,784107,2765,122400,202398,572100,120000,12009,79173,616377,1939,25554,723043,4567,4506,61,298,4486,615,694959,411305,283654,299106.806916374,51.7,5.7,-45.3644603027773,75
-5.31,"Open","Yes","Moderate_lockdown","Alpha",1014,0,121,48,52.96,107,38,91,40,23.7583408054673,49.8742098819074,29,"Spring",334531,782830,3889,122400,202473,572100,120000,10657,85228,1163972,2379,24090,1275669,5616,5534,82,341,4584,630,559324,324942,234382,299106.806916374,51,5.2,-45.613862645149,79
-5.31,"Open","Yes","Moderate_lockdown","Alpha",1007,0,120,49,54.48,115,39,89,40,23.7230089349417,49.4676077350296,29,"Spring",372693,785559,4395,122400,202473,571600,120000,13886,93993,1685906,2112,30571,1812582,6222,6129,93,350,4881,682,580307,337665,242642,299106.806916374,50.4,4.8,-45.8632649875203,70
-5.31,"Open","Yes","Moderate_lockdown","Alpha",1000,0.0100000000000051,119,47,55.31,125,40,89,41,24.2066625071216,50.2271521515512,30,"Spring",320691,777081,5084,122400,202473,566400,120000,10608,102826,721036,2272,22844,848978,5481,5398,83,368,5151,711,494805,325650,169155,299106.806916374,49.8,4.4,-46.1126673298913,94
-5.31,"Open","Yes","Moderate_lockdown","Alpha",989,0,118,48,56.03,158,44,92,42,24.8101060550519,50.9311849151455,32,"Spring",196776,780851,5869,122400,202473,566000,120000,14778,87436,1090436,2602,25275,1205749,6458,6378,80,361,5432,748,412197,329897,82300,299106.806916375,49.3,4.1,-46.3620696722622,108
-8.57,"Partially open","Yes","Moderate_lockdown","Alpha",983,0.0300000000000011,110,73,52.14,131,37,84,41,23.4114629291416,44.8169618373213,32,"Spring",210038,764290,1524,122400,202473,550000,120000,14217,66646,1802315,1112,25407,1895480,5388,5325,63,358,5449,768,419618,367006,52612,299106.806916375,48.7,4,-46.6114720146333,126
-8.57,"Partially open","Yes","Moderate_lockdown","Alpha",995,0.019999999999996,113,71,69.02,97,35,87,40,21.2713650108492,41.8975129568929,31,"Spring",284273,764759,2042,122400,202473,550000,120000,14686,65377,377256,1194,27218,471045,4246,4204,42,364,5568,787,844285,752308,91977,299106.806916374,48,3.9,-46.8608743570048,100
-8.57,"Partially open","Yes","Moderate_lockdown","Alpha",1001,0.0300000000000011,119,50,61.16,129,39,95,43,24.0972733574402,50.6777187318553,31,"Spring",327370,764806,5950,122400,202473,550000,120000,14733,80141,828414,2694,28959,940208,5176,5111,65,380,5881,830,740655,614930,125725,299106.806916374,46.7,3.7,-47.1102766993762,102
-8.57,"Partially open","Yes","Moderate_lockdown","Alpha",997,0.0100000000000051,121,47,50.19,91,36,88,39,22.7853923822313,48.7575318717595,28,"Spring",317611,764492,4082,122400,202313,550700,120000,13879,83083,1321954,2566,28478,1436081,5623,5575,48,451,6151,879,660276,528260,132016,299106.806916374,45.7,3.5,-47.3596790417476,100
-8.57,"Partially open","Yes","Moderate_lockdown","Alpha",992,0.0300000000000011,120,48,51.93,101,37,87,39,23.5208377921383,47.8051200964369,29,"Spring",363694,762324,4953,122400,202313,550700,120000,11711,92739,1510077,2757,31039,1636612,5976,5913,63,445,6586,925,581855,462246,119609,299106.806916374,44.8,3.3,-47.6090813841187,127
-8.57,"Partially open","Yes","Moderate_lockdown","Alpha",980,0.0100000000000051,120,46,51.65,102,38,86,40,23.3502139256744,49.4261825845637,29,"Spring",327294,759714,3218,122400,202313,550800,120000,9001,103383,1203115,1987,19470,1327955,5849,5791,58,441,6848,968,529119,433320,95799,299106.806916374,43.9,3.1,-47.8584837264898,114
-8.57,"Partially open","Yes","Moderate_lockdown","Alpha",964,0.0100000000000051,119,47,49.95,109,41,86,40,23.9177264978346,50.0429053610315,30,"Spring",176415,765968,2389,122400,202154,556700,120000,9514,79770,1483711,1545,18331,1583357,6697,6633,64,503,7209,1016,440051,386685,53366,299106.806916374,43.2,2.9,-48.107886068861,137
-5.17,"Partially open","Yes","Moderate_lockdown","Alpha",951,0.0100000000000051,110,75,46.93,103,36,85,40,21.0211432831941,44.764348695278,30,"Spring",197927,736154,265,122400,202154,534000,120000,2400,65152,885406,265,14374,965197,4425,4384,41,428,7318,1049,282381,257010,25371,299106.806916374,42.5,2.8,-48.3572884112323,137
-5.17,"Partially open","Yes","Moderate_lockdown","Alpha",934,0.0400000000000063,113,70,61.13,81,35,91,39,19.2244651954431,42.6228522461098,29,"Spring",273312,736854,711,122400,202154,534700,120000,2400,68112,354454,711,14451,437728,4379,4340,39,463,7386,1087,564263,512108,52155,299106.806916374,42.1,2.8,-48.6066907536036,135
-5.17,"Partially open","Yes","Moderate_lockdown","Alpha",929,0.0100000000000051,121,49,59.1246582219708,95,36,93,40,22.7246210971518,49.1915532265423,28,"Spring",281391,734654,5202,122400,202154,532500,120000,2400,78035,1308282,2788,16419,1405524,5716,5664,52,480,7730,1110,457254,369578,87676,299106.806916374,41.2,2.7,-48.856093095975,135
-5.17,"Partially open","Yes","Moderate_lockdown","Alpha",926,0,122,46,49.19,93,37,89,38,22.1988578668448,47.8177295318346,27,"Spring",331462,734609,4214,122400,202109,532500,120000,2400,82667,1511972,2490,18347,1615476,5933,5876,57,551,8068,1192,354372,260809,93563,299106.806916374,40.5,2.5,-49.1054954383462,173
-5.17,"Partially open","Yes","Moderate_lockdown","Alpha",922,0,122,46,45.28,67,33,80,36,21.6973917615748,44.7618671046537,26,"Spring",368524,778609,5447,122400,202109,576500,120000,2400,93928,1436785,3079,20961,1554753,6251,6173,78,567,8437,1236,341049,243887,97162,299106.806916374,40.1,2.4,-49.3548977807174,161
-5.17,"Partially open","Yes","Moderate_lockdown","Alpha",926,0.019999999999996,120,45,57.03,138,41,88,40,22.8341369609141,47.0529333203546,29,"Spring",289057,775609,2545,122400,202109,573500,120000,2400,91827,1272551,2542,12722,1379642,6487,6385,102,579,9010,1292,290223,217301,72922,299106.806916374,39.7,2.2,-49.6043001230886,185
-5.17,"Partially open","Yes","Moderate_lockdown","Alpha",925,0,120,44,51.24,117,42,89,39,22.4098269424722,45.1354388272341,29,"Spring",173573,775609,2116,122400,202109,573500,120000,2400,83568,1440664,2052,11565,1537849,6890,6789,101,576,9475,1356,254061,215273,38788,299106.806916374,39.3,2.1,-49.8537024654598,197
2.74,"Partially open","Yes","Severe_lockdown","Alpha",939,0,111,70,49.73,123,37,83,38,20.8595486788013,42.4710873593248,29,"Spring",197700,767836,646,121100,201036,566800,120000,1100,61356,732240,646,12692,806934,4410,4371,39,535,9460,1394,184384,164143,20241,299106.806916374,38.9,2,-50.1031048078311,197
2.74,"Partially open","Yes","Severe_lockdown","Alpha",942,0.0499999999999972,114,69,63.49,87,35,86,38,19.3560565217223,39.3631723111226,28,"Spring",282181,769024,665,121100,201524,567500,120000,1100,70482,367847,665,13593,452587,4628,4592,36,636,9712,1449,448396,416834,31562,299106.806916374,38.6,2,-50.3525071502024,210
2.74,"Partially open","Yes","Severe_lockdown","Alpha",941,0.019999999999996,124,45,54.69,93,36,89,36,20.1717751661157,38.3275512498476,26,"Spring",315092,754293,2806,121100,201826,552467,120000,1100,80508,854220,2757,15402,952887,5467,5409,58,599,10313,1542,494235,437463,56772,299106.806916374,37.9,1.9,-50.6019094925737,222
2.74,"Partially open","Yes","Severe_lockdown","Alpha",942,0.0100000000000051,124,42,48.14,85,35,84,33,19.0790686473134,36.9259093606691,24,"Spring",310297,754126,2674,121100,201826,552300,120000,1100,81253,892222,2635,18337,994447,5937,5862,75,706,10934,1589,446450,376244,70206,299106.806916374,37.1,1.8,-50.8513118349449,233
2.74,"Partially open","Yes","Severe_lockdown","Alpha",944,0.0300000000000011,124,42,46.07,75,34,78,33,19.0791509666384,35.7330194162445,24,"Spring",345187,753326,2394,121100,201826,551500,120000,1100,94347,745096,2394,19497,861334,6172,6101,71,713,11524,1647,347406,278956,68450,299106.806916374,36.5,1.7,-51.1007141773161,217
2.74,"Partially open","Yes","Severe_lockdown","Alpha",947,0,123,41,50.38,102,37,82,34,19.3216709436884,36.9757771791973,25,"Spring",305802,750326,2293,121100,201826,548500,120000,1100,97874,566928,2200,13101,680103,6919,6801,118,835,12140,1709,276310,224996,51314,299106.806916374,36,1.6,-51.3501165196874,244
2.74,"Partially open","Yes","Severe_lockdown","Alpha",943,0,122,42,49.69,114,40,84,35,20.0269956408635,37.9306691591857,27,"Spring",193341,750650,1666,121100,202150,548500,120000,1100,79780,643332,1488,12372,736972,7191,7042,149,825,12895,1806,231450,203168,28282,299106.806916374,35.6,1.5,-51.5995188620587,296
7.96,"Partially open","Yes","Severe_lockdown","Alpha",935,0,111,69,49.09,118,36,80,38,19.5984759872224,41.800485688066,28,"Winter",206180,749036,485,121100,201736,547300,120000,1100,57809,453191,469,15751,527220,4873,4826,47,771,12789,1783,205584,185900,19684,299106.806916374,35.3,1.4,-51.8489212044299,281
7.96,"Partially open","Yes","Severe_lockdown","Alpha",928,0.0300000000000011,112,70,73.42,131,37,88,40,19.7324785109457,41.4543461802819,30,"Winter",277819,750052,1043,121100,202152,547900,120000,1100,69242,294875,1025,16248,381390,4949,4910,39,742,13270,1903,434825,407503,27322,299106.806916374,34.9,1.4,-52.0983235468012,306
7.96,"Partially open","Yes","Severe_lockdown","Alpha",913,0.0799999999999983,123,44,60.31,134,38,91,37,19.6520938114528,38.2452210813075,26,"Winter",302803,777124,2995,121100,202724,574400,120000,1100,80076,508327,2112,16437,606952,6783,6713,70,864,14078,1971,537266,504493,32773,299106.806916374,34.2,1.3,-52.3477258891724,303
7.96,"Partially open","Yes","Severe_lockdown","Alpha",904,0.0100000000000051,125,42,48.58,97,35,83,33,18.2871828792752,35.3352065179724,23,"Winter",325164,779624,3996,121100,202724,576900,120000,1100,80578,632521,3678,15516,732293,8025,7901,124,971,14850,2047,521039,485720,35319,299106.806916374,33.3,1.3,-52.5971282315436,354
7.96,"Partially open","Yes","Severe_lockdown","Alpha",898,0,124,42,51.03,116,36,82,34,18.8129500112809,35.0231166255115,24,"Winter",344567,782602,2540,121100,202724,576000,120000,4978,93691,621507,2236,22958,740392,8845,8732,113,1022,15535,2118,480575,448962,31613,299106.806916374,32.5,1.2,-52.8465305739149,365
7.96,"Partially open","Yes","Severe_lockdown","Alpha",888,0.0499999999999972,123,41,50.2,118,38,82,34,18.8524106154672,35.2059491557338,25,"Winter",301471,782320,2616,121100,202724,576900,120000,3796,98517,484459,2270,15528,600774,9762,9632,130,1120,16116,2149,353009,326692,26317,299106.806916374,31.7,1.2,-53.0959329162861,380
7.96,"Partially open","Yes","Severe_lockdown","Alpha",877,0,123,41,45.27,89,37,78,34,18.9042054267539,33.5824885058929,25,"Winter",184163,782199,2263,121100,201222,575900,120000,6177,81475,577597,2114,17273,678459,11655,11473,182,1120,16856,2273,210804,192341,18463,299106.806916374,31.2,1.1,-53.3453352586574,379
17.27,"Partially open","Yes","Severe_lockdown","Alpha",871,0,111,68,48.76,128,35,77,37,18.2993166567483,39.8673924934799,27,"Winter",254290,742393,537,121100,200736,535300,120000,7457,60479,507019,454,23133,591085,8097,8041,56,1157,16858,2329,150896,141719,9177,299106.806916374,30.8,1.1,-53.5947376010286,411
17.27,"Partially open","Yes","Severe_lockdown","Alpha",861,0.0499999999999972,114,67,65.02,113,35,84,38,17.8995821399743,38.4214295604971,27,"Winter",297000,783611,956,121100,201152,574300,120000,9259,71539,309069,846,23954,405408,8312,8247,65,1091,17043,2358,344942,334679,10263,299106.806916374,30.6,1.1,-53.8441399433999,452
17.27,"Partially open","Yes","Severe_lockdown","Alpha",861,0.0400000000000063,125,40,52.67,91,34,84,33,17.611423685799,34.6535995887987,23,"Winter",306523,788129,3257,121100,201724,576817,120000,10688,79987,416580,2100,26091,524758,10728,10603,125,1272,17861,2469,387200,371906,15294,299106.806916374,30,1.1,-54.0935422857711,469
17.27,"Partially open","Yes","Severe_lockdown","Alpha",862,0.0100000000000051,125,38,48.34,100,35,82,32,17.4172975375588,33.4826347373,22,"Winter",330100,788913,4724,121100,201724,575300,120000,12989,78202,449301,3019,31304,561826,11794,11680,114,1339,18523,2535,468321,452454,15867,299106.806916374,29.3,1,-54.3429446281424,521
17.27,"Partially open","Yes","Severe_lockdown","Alpha",853,0.019999999999996,125,38,46.66,79,34,78,32,17.6271657281588,33.3550728839022,22,"Winter",356434,789705,3366,121100,201699,576800,120000,12306,93258,450756,2490,33368,579872,11942,11814,128,1411,19450,2614,497257,482110,15147,299106.806916374,28.6,1,-54.5923469705136,505
17.27,"Partially open","Yes","Severe_lockdown","Alpha",864,0.0400000000000063,125,37,45.19,81,35,79,32,17.4365492235412,33.0355045290578,22,"Winter",297156,787238,3546,121100,201699,576800,120000,9839,100317,369040,2683,23179,495219,12941,12820,121,1495,20216,2708,377277,364865,12412,299106.806916374,27.7,1,-54.8417493128849,566
17.27,"Partially open","Yes","Severe_lockdown","Alpha",875,0.019999999999996,123,37,45.97,109,38,80,33,18.1303714320651,33.7883871340022,24,"Winter",196528,780347,2500,121100,201197,566800,120000,13450,86259,352082,1859,26584,466784,14735,14561,174,1503,20995,2805,282491,275956,6535,299106.806916374,27.1,0.9,-55.0911516552561,615
26.15,"Partially open","Yes","Severe_lockdown","Alpha",876,0.0400000000000063,113,65,40.69,78,32,76,33,16.5597532029577,36.9737336484471,22,"Winter",218331,773541,439,121100,200783,558300,120000,15558,53305,319530,439,28302,401576,8994,8945,49,1538,21055,2851,239877,237962,1915,299106.806916374,26.6,0.9,-55.3405539976273,605
26.15,"Partially open","Yes","Severe_lockdown","Alpha",885,0.109999999999999,115,64,50.41,68,31,83,33,15.2704362420865,35.3733256086561,22,"Winter",300998,782483,3015,121100,200127,566700,120000,16756,60230,308093,2614,35754,406691,9034,8977,57,1428,20971,2842,508208,505362,2846,299106.806916374,26.2,0.9,-55.5899563399986,586
26.15,"Partially open","Yes","Severe_lockdown","Alpha",877,0.0600000000000023,126,41,44.48,71,32,82,32,17.3523263695784,34.4958750225473,21,"Winter",340263,787931,4762,121100,200627,570667,120000,17737,78347,510719,3637,34033,626736,12573,12459,114,1511,22325,2943,549378,544603,4775,299106.806916374,25.3,0.9,-55.8393586823698,635
26.15,"Partially open","Yes","Severe_lockdown","Alpha",863,0.0900000000000034,126,39,40.46,76,32,79,30,17.0143683520786,33.4034015061759,21,"Winter",350513,783533,2861,121100,200417,570500,120000,13716,80391,617341,2432,31218,731382,13139,13052,87,1680,23412,3036,508763,503116,5647,299106.806916374,24.4,0.9,-56.0887610247411,676
26.15,"Partially open","Yes","Severe_lockdown","Alpha",859,0.0600000000000023,126,39,41.01,81,33,79,30,17.187793789096,33.5005968918193,22,"Winter",365462,779430,3349,121100,200511,569200,120000,10819,94198,632701,2776,32288,761963,13899,13780,119,1726,24418,3132,455704,450810,4894,299106.806916374,23.5,0.9,-56.3381633671123,712
26.15,"Partially open","Yes","Severe_lockdown","Alpha",855,0.019999999999996,126,37,37.43,73,30,72,29,16.6664242544488,31.7255295949893,22,"Winter",308100,785655,2545,121100,199605,569166,120000,17984,101844,448603,2545,31329,584321,14225,14096,129,1754,25690,3164,414973,411812,3161,299106.806916374,22.7,0.9,-56.5875657094836,723
26.15,"Partially open","Yes","Severe_lockdown","Alpha",851,0.019999999999996,125,37,36.16,82,31,71,30,17.3329069186138,32.3487285835418,24,"Winter",185012,766876,4416,121100,199009,567867,120000,1100,78199,534364,2202,13866,628631,16194,16079,115,1921,26745,3230,356291,352480,3811,299106.806916374,22,0.9,-56.8369680518548,778
37.61,"Partially open","Yes","Severe_lockdown","Alpha",841,0.0300000000000011,114,60,29.99,52,25,65,28,14.335624824718,33.7034350704652,21,"Winter",248199,739738,2340,121100,198438,541300,120000,1100,58847,506896,537,17060,583340,11664,11619,45,1852,26801,3302,279850,278988,862,299106.806916374,21.4,0.9,-57.0863703942261,752
37.61,"Partially open","Yes","Severe_lockdown","Alpha",833,0.109999999999999,115,64,50.46,72,30,78,32,14.6051594350577,35.5877852624458,21,"Winter",343037,740345,2437,121100,198845,541500,120000,1100,70113,367292,904,18838,457147,12320,12265,55,1893,26915,3373,551470,549808,1662,299106.806916374,20.9,0.9,-57.3357727365973,787
37.61,"Partially open","Yes","Severe_lockdown","Alpha",845,0.019999999999996,125,41,49.91,102,33,84,32,17.2752086491744,35.4927315289144,21,"Winter",375692,740302,4848,121100,199502,540800,120000,1100,84800,570016,2803,20164,677783,16308,16201,107,2005,28384,3505,498227,494163,4064,299106.806916374,19.9,0.9,-57.5851750789686,872
37.61,"Partially open","Yes","Severe_lockdown","Alpha",853,0.019999999999996,126,39,40.74,73,31,74,29,16.3874658487003,33.0398810126979,20,"Winter",384817,740611,7986,121100,199511,541100,120000,1100,90342,672639,3004,23110,789095,18492,18395,97,2142,29414,3572,484596,480560,4036,299106.806916374,19.1,0.9,-57.8345774213398,826
37.61,"Partially open","Yes","Severe_lockdown","Alpha",863,0.019999999999996,126,39,41.89,77,31,74,30,16.501676388616,32.7838923820542,20,"Winter",373437,770305,6886,121100,199605,570700,120000,1100,97033,678381,2996,26941,805351,19914,19787,127,2362,30605,3628,472011,469016,2995,299106.806916374,18.2,0.9,-58.0839797637111,974
37.61,"Partially open","Yes","Severe_lockdown","Alpha",865,0.0400000000000063,125,38,42.94,90,33,76,32,16.7396949012257,33.6464724487107,21,"Winter",320694,768851,8938,121100,199251,569600,120000,1100,93055,501704,2579,20419,617757,20268,20153,115,2481,31767,3635,376922,374756,2166,299106.806916374,17.4,0.9,-58.3333821060823,960
37.61,"Partially open","Yes","Severe_lockdown","Alpha",858,0.0100000000000051,124,38,41.27,85,34,75,32,17.4203555567839,33.8955506490816,22,"Winter",197405,778967,12449,121100,198467,580500,120000,1100,80391,557384,1931,23278,662984,22971,22852,119,2605,32961,3726,352935,350348,2587,299106.806916374,16.8,0.9,-58.5827844484536,1005
40.89,"Partially open","Yes","Severe_lockdown","Alpha",861,0,113,63,38.67,87,30,73,32,15.7167032621261,36.8485815360975,22,"Winter",243958,796690,8281,121100,197990,598700,120000,1100,60899,496085,672,25057,582713,15783,15726,57,2408,32587,3687,322194,319038,3156,299106.806916374,16.2,0.9,-58.8321867908248,993
40.89,"Partially open","Yes","Severe_lockdown","Alpha",859,0.120000000000005,117,61,39.81,41,25,71,29,13.2783861933927,32.5879347327075,19,"Winter",331232,800097,11602,121100,198397,601700,120000,1100,71604,347004,1880,28521,449009,17167,17098,69,2469,33017,3806,609010,598389,10621,299106.806916374,15.6,0.9,-59.0815891331961,1025
40.89,"Partially open","Yes","Severe_lockdown","Alpha",861,0.019999999999996,126,40,45.03,78,30,79,32,16.3310441208199,33.4540805010195,20,"Winter",382227,806463,16432,121100,199063,607400,120000,1100,89320,553496,3887,30137,676840,22433,22329,104,2687,33849,3832,489934,487756,2178,299106.806916374,14.6,0.8,-59.3309914755673,1159
40.89,"Partially open","Yes","Severe_lockdown","Alpha",862,0.0400000000000063,126,38,42,86,31,76,30,16.0305953993691,32.4685082883777,19,"Winter",403469,805634,26428,121100,198884,606750,120000,1100,90262,642969,2974,41386,777591,24772,24659,113,3044,34911,3918,416188,414419,1769,299106.806916374,13.7,0.8,-59.5803938179386,1224
40.89,"Partially open","Yes","Severe_lockdown","Alpha",853,0.0100000000000051,126,38,40.39,77,30,73,29,16.0029371204905,32.0069066130123,19,"Winter",413922,812225,46746,121100,196116,616109,120000,1100,101343,646588,2896,65511,816338,26303,26189,114,3059,35515,3937,314707,312378,2329,299106.806916374,13,0.8,-59.8297961603098,1232
40.89,"Partially open","Yes","Severe_lockdown","Alpha",844,0.0100000000000051,126,37,38.45,67,30,70,29,16.0523630280841,31.7955588206568,20,"Winter",329202,810972,49300,121100,196022,614950,120000,1100,101968,482611,2445,59575,646599,27730,27587,143,3150,37103,3961,312770,311060,1710,299106.806916374,12.5,0.8,-60.079198502681,1171
40.89,"Partially open","Yes","Severe_lockdown","Alpha",857,0.019999999999996,125,38,40.03,94,33,74,31,16.8972879984538,33.2175269209428,22,"Winter",204193,809470,3841,121100,195520,613950,120000,1100,81180,457607,2330,13300,554417,30736,30588,148,2932,37758,4032,281725,279757,1968,299106.806916374,11.9,0.8,-60.3286008450523,1263
37.41,"Partially open","Yes","Severe_lockdown","Alpha",856,0.0100000000000051,114,60,30.88,92,24,63,28,13.0976448940784,31.6725358039228,20,"Winter",262138,811855,571,121100,195128,614300,120000,3527,60387,334119,571,17725,412802,17554,17512,42,3113,37732,4077,221067,220249,818,299106.806916374,11.4,0.8,-60.5780031874235,1239
37.41,"Partially open","Yes","Severe_lockdown","Alpha",853,0.0699999999999932,116,63,51.08,79,28,75,31,13.594287857315,33.6837082167472,21,"Winter",383784,809456,1940,121100,192638,614350,120000,3568,78505,381301,745,20449,481000,22344,22270,74,3118,37400,4066,493013,491970,1043,299106.806916374,11,0.8,-60.8274055297948,1286
37.41,"Partially open","Yes","Severe_lockdown","Alpha",858,0.0100000000000051,126,40,47.02,92,30,76,31,15.8853152069922,32.7770722040234,20,"Winter",402592,814605,2485,121100,193006,618650,120000,4049,81344,529002,2485,20587,633418,30330,30208,122,3395,38260,4076,480069,478248,1821,299106.806916374,10.2,0.8,-61.076807872166,1333
37.41,"Partially open","Yes","Severe_lockdown","Alpha",870,0.0499999999999972,127,37,41.91,87,30,74,29,15.585772621072,31.6933251770997,19,"Winter",435543,814525,3659,121100,193116,617650,120000,4859,92935,547737,2803,21649,665124,32501,32370,131,3637,38061,3960,412615,409855,2760,299106.806916374,9.4,0.8,-61.3262102145373,1349
37.41,"Partially open","Yes","Severe_lockdown","Alpha",892,0.0300000000000011,127,37,37.51,59,27,67,28,15.3519470170999,30.3047559381363,19,"Winter",434247,815648,4194,121100,192975,618210,120000,5563,104730,512639,2842,24987,645198,35985,35824,161,4051,38741,3953,366919,363508,3411,299106.806916374,8.6,0.8,-61.5756125569085,1382
37.41,"Partially open","Yes","Severe_lockdown","Alpha",908,0.0100000000000051,126,36,40.42,73,30,70,29,15.5944898584052,31.3077269959246,20,"Winter",360702,817011,3744,121100,193210,620542,120000,4359,100804,461109,2506,21371,585790,40526,40343,183,4161,38848,3947,346922,343163,3759,299106.806916374,8,0.8,-61.8250148992798,1488
37.41,"Partially open","Yes","Severe_lockdown","Alpha",922,0.0100000000000051,125,37,40.21,85,32,71,30,16.276004459147,31.8976492538993,21,"Winter",269541,816386,3250,121100,192612,618242,120000,6632,76559,467511,2993,19918,566981,45956,45752,204,4062,39256,3916,208641,204076,4565,299106.806916374,7.4,0.8,-62.074417241651,1401
26.25,"Partially open","Yes","Severe_lockdown","Alpha",945,0.0499999999999972,113,63,41.98,106,29,70,32,14.8107228116257,35.224802442849,22,"Winter",320129,806417,636,121100,192030,607742,120000,7745,63060,332684,636,21592,417972,29592,29507,85,3751,38171,3871,192346,190107,2239,299106.806916374,7.1,0.8,-62.3238195840223,1361
26.25,"Partially open","Yes","Severe_lockdown","Alpha",966,0.290000000000006,118,60,42.88,54,24,69,28,11.9391377228325,30.0872582716357,17,"Winter",408320,809202,1437,121100,195558,607250,120000,7494,79580,389799,640,22530,492549,31247,31159,88,3944,37717,3854,298751,296131,2620,299106.806916374,6.7,0.8,-62.5732219263935,1417
26.25,"Partially open","Yes","Severe_lockdown","Alpha",980,0.140000000000001,127,38,42.63,74,28,74,29,15.1791701104569,31.6128902264152,18,"Winter",415562,810189,4126,121100,196224,606374,120000,8691,84063,490024,2831,22685,599603,41450,41313,137,3684,38135,3789,345525,341317,4208,299106.806916374,6.2,0.8,-62.8226242687648,1323
26.25,"Partially open","Yes","Severe_lockdown","Alpha",997,0.140000000000001,128,36,35.69,53,26,67,27,14.7028106665688,29.4993239525191,18,"Winter",524110,806881,4231,121100,195828,600122,120000,12031,82418,576959,3009,34541,696927,43473,43316,157,4100,37694,3672,321951,316694,5257,299106.806916374,5.6,0.8,-63.072026611136,1339
26.25,"Partially open","Yes","Severe_lockdown","Alpha",1058,0.0799999999999983,127,37,37.09,58,28,68,28,14.8695630575566,29.8850652893322,18,"Winter",470033,817535,3911,121100,196114,605146,120000,17375,91599,500327,2781,34516,629223,46506,46377,129,4225,37489,3626,288688,278943,9745,299106.806916374,5.1,0.8,-63.3214289535073,1305
26.25,"Partially open","Yes","Severe_lockdown","Alpha",1114,0.0600000000000023,127,37,39.06,72,30,70,29,15.0880099311935,30.3367923788759,19,"Winter",419330,799814,3384,121100,195922,603892,120000,1100,101495,447659,2763,38487,590404,50647,50435,212,4580,36983,3496,223726,207661,16065,299106.806916374,4.6,0.7,-63.5708312958785,1318
26.25,"Partially open","Yes","Severe_lockdown","Alpha",1155,0.0799999999999983,126,38,39.13,81,33,72,30,15.894693815478,31.2363645677548,21,"Winter",330137,793534,1922,121100,195352,598182,120000,1100,78013,444386,1922,19398,543719,58591,58380,211,4309,36753,3363,165844,145076,20768,299106.806916374,4.2,0.7,-63.8202336382498,1241
46.09,"Partially open","Yes","Severe_lockdown","Alpha",1181,0.129999999999995,114,63,34.23,71,26,66,29,12.7014015718947,32.0665106876242,19,"Winter",415137,784972,575,121100,194750,590222,120000,1100,70758,371809,575,43692,486834,37174,37105,69,3941,35393,3264,189326.510302088,166632.1051641,13735.2184571081,299106.806916374,4,0.7,-64.069635980621,1172
46.09,"Partially open","Yes","Severe_lockdown","Alpha",1221,0.5,117,63,47.75,76,27,73,30,11.9805843510626,31.2906247114661,18,"Winter",499071,786910,946,121100,191210,595700,120000,1100,78859,447503,946,39291,566599,40035,39952,83,4127,34034,3145,234043.221489611,205707.479229445,11255.8367869322,299106.806916374,3.6986414767097,0.692113332070096,-64.3190383229923,1092
46.09,"Partially open","Yes","Severe_lockdown","Alpha",1272,0.150000000000006,128,39,40.69,66,28,72,29,14.7436084582745,30.5407517075121,18,"Winter",544186,779418,2578,121100,191976,587442,120000,1100,89281,557473,2570,32998,682322,48104,47958,146,4002,33780,3098,262057.5589229,235851.259786787,8381.64809232129,299106.806916374,3.32706848468252,0.682045335855783,-64.5684406653635,1052
46.09,"Partially open","Yes","Severe_lockdown","Alpha",1345,0.170000000000002,128,38,38.41,81,30,73,29,14.7812461273399,30.4761247095385,19,"Winter",498653,776382,3846,121100,191882,584500,120000,1100,94718,502113,3490,21026,621347,53187,53040,147,4294,32585,2929,284187.07333097,242046.54978165,6616.66934518091,299106.806916374,2.83596836221554,0.671374018552431,-64.8178430077348,1055
46.09,"Partially open","Yes","Severe_lockdown","Alpha",1401,0.0999999999999943,127,38,38.63,80,30,73,29,15.0736870730265,30.8670532310317,19,"Winter",461138,768882,3776,121100,191882,577000,120000,1100,94380,445142,3206,17937,560665,58783,58627,156,4396,31948,2821,298474.351021263,226514.931398831,8735.25557679687,299106.806916374,2.3278937273023,0.660535832126682,-65.067245350106,1014
46.09,"Partially open","Yes","Moderate_lockdown","Alpha",1432,0.260000000000005,127,37,36.55,59,30,71,29,15.4804442334422,30.9702849929965,20,"Winter",404528,774238,2700,121100,191788,582450,120000,1100,104313,383697,2522,14995,505527,66635,66434,201,4115,30688,2645,290127.06429588,203313.82721377,15421.2546614114,299106.806916374,1.87469471437431,0.649651492326692,-65.3166476924773,972
46.09,"Partially open","Yes","Moderate_lockdown","Alpha",1330,0.230000000000004,125,39,37.69,68,34,75,31,17.1937959933041,32.7241373494753,23,"Winter",360390,760952,1989,121100,191694,569258,120000,1100,75012,378918,1989,13503,469422,77970,77772,198,3937,30777,2560,285066.684803485,187492.570414378,17664.9714192412,299106.806916374,1.52352423730688,0.638754387229425,-65.5660500348485,896
24.58,"Partially open","Yes","Moderate_lockdown","Initial",1286,0.450000000000003,113,66,34.26,80,28,67,32,16.389129438482,35.214631634843,22,"Winter",378744,753753,718,121100,190906,562847,120000,1100,64098,354571,718,11808,431195,56332,56245,87,3650,29035,2420,291982.321728,186286.739425534,14795.8178003014,299106.806916374,1.23852227404372,0.627853751451741,-65.8154523772198,807
24.58,"Partially open","Yes","Moderate_lockdown","Initial",1300,0.879999999999995,118,58,39.95,74,26,69,28,12.132589688261,30.4768955768925,18,"Winter",364151,758004,550,121100,191304,566700,120000,1100,65064,345633,550,1172,412419,61654,61558,96,3440,27563,2256,293761.350553493,196874.551138155,11344.6035339973,299106.806916374,0.946127552777706,0.616952139143395,-66.064854719591,833
24.58,"Partially open","Yes","Moderate_lockdown","Initial",1286,0.689999999999998,136,16,24.67,69,15,39,16,5.05579075008193,13.3282877741225,14,"Winter",406080,710006,596,121100,191506,518500,120000,1100,57393,344619,596,18839,421447,32482,32428,54,3364,26391,2162,289018.564797751,210397.4504929,9090.63324725035,299106.806916374,0.580649102681309,0.60605025674203,-66.3142570619623,809
24.58,"Partially open","Yes","Moderate_lockdown","Initial",1333,7.61,129,27,40.5,88,35,93,26,11.1891732426591,29.3338701731108,20,"Winter",425813,720746,3064,121100,191696,529050,120000,1100,74950,403219,2974,90,481233,53945,53860,85,2924,26579,2122,288958.426527142,218452.332389949,7723.07740065868,299106.806916374,0.132744201361483,0.595148299637185,-66.5636594043336,824
24.58,"Partially open","Yes","Moderate_lockdown","Initial",1414,1.55,128,29,42.37,102,36,86,27,12.3249455621487,30.6505782792839,22,"Winter",363405,721514,3090,121100,191964,529550,120000,1100,83458,317551,2448,19791,423248,72161,72010,151,3289,26552,2066,291973.748336875,217766.094790982,9658.4947578471,299106.806916374,-0.350445544894954,0.584246321870532,-66.8130617467048,760
24.58,"Partially open","Yes","Moderate_lockdown","Initial",1545,0.560000000000002,128,28,40.39,89,35,79,27,12.0647939266167,29.9100095614609,22,"Winter",292684,738114,2670,121100,191964,546150,120000,1100,68758,257586,1959,21963,350266,83088,82928,160,3250,25550,1939,291339.333815763,210827.615115476,14054.355918412,299106.806916374,-0.800686736249204,0.573344338389149,-67.0624640890761,713
24.58,"Partially open","Yes","Moderate_lockdown","Initial",1729,0.819999999999993,131,20,31.79,96,32,69,22,8.82780641391748,22.1920835350535,20,"Winter",333443,755406,642,121100,191306,564100,120000,1100,61426,293247,642,6098,361413,46407,46344,63,3131,24050,1847,289573.529414923,203087.739537013,16235.4866591428,299106.806916374,-1.17757945158622,0.56244235332716,-67.3118664314473,723
40.23,"Partially open","Yes","Moderate_lockdown","Initial",1885,1.58,112,65,31.41,92,29,68,32,15.6537727524574,35.394859632055,20,"Winter",333972,748622,588,121100,191122,557500,120000,1100,54005,299641,588,0,354234,48519,48457,62,2871,22765,1751,290368.907646035,199145.136411314,14595.7745974043,299106.806916374,-1.49389836684689,0.551540367828002,-67.5612687738186,718
40.23,"Partially open","Yes","Moderate_lockdown","Initial",2023,0.870000000000005,120,44,23.8,58,15,42,21,7.41382576693231,21.3402307887058,14,"Winter",264257,719216,735,121100,191216,528000,120000,1100,46426,224044,735,0,271205,41109,41062,47,2531,21731,1682,291308.460529048,200332.834704725,11802.0408019502,299106.806916374,-1.80306410836325,0.540638382207928,-67.8106711161898,692
40.23,"Partially open","Yes","Moderate_lockdown","Initial",2010,1.08,137,12,16.04,73,8,16,8,0.000119896953364461,0.00340366531405756,6,"Winter",332324,700306,588,121100,191306,509000,120000,1100,42290,294624,588,0,337502,14419,14395,24,2184,20919,1616,290595.65604071,204743.21045974,9606.60656978639,299106.806916374,-2.1594263734271,0.529736396554412,-68.0600734585611,655
40.23,"Partially open","Yes","Moderate_lockdown","Initial",2016,10.54,127,28,35.16,94,39,103,28,11.1802617732044,32.4033806014976,19,"Winter",423659,719971,3150,121100,191871,528100,120000,1100,74718,383905,3078,72,461773,32391,32337,54,2085,21578,1607,290160.36234786,209091.875708273,8678.70455586275,299106.806916374,-2.58097215339787,0.518834410891646,-68.3094758009323,616
40.23,"Partially open","Yes","Moderate_lockdown","Initial",1981,4.66,125,35,42.38,79,41,104,32,14.9069849800291,37.0772521628749,21,"Winter",461050,711264,3351,121100,191964,519300,120000,1100,86366,403973,3105,18045,511489,42936,42862,74,2278,21223,1554,290708.409846288,210917.952976192,10142.8210486211,299106.806916374,-3.0396558266926,0.507932425226322,-68.5588781433036,629
40.23,"Partially open","Yes","Moderate_lockdown","Initial",1882,2.09,124,35,43.99,89,42,97,33,15.8573144281639,37.2580361522994,22,"Winter",417367,715114,2349,121100,188964,526150,120000,1100,92192,347583,2349,14962,457086,46475,46374,101,2481,21489,1529,290861.478693457,209787.376105046,13293.6285319471,299106.806916374,-3.48404298008844,0.49703043956029,-68.8082804856749,629
40.23,"Partially open","Yes","Moderate_lockdown","Initial",1773,1.22,123,37,42,81,42,95,34,17.5639987212798,37.035307055645,23,"Winter",398332,682894,2457,121100,188494,494400,120000,1100,73963,335252,2457,19745,431417,48192,48117,75,2370,21134,1512,290480.632162327,207053.491380145,15133.9949674427,299106.806916374,-3.8763002278167,0.486128453894062,-69.0576828280461,602
10.87,"Partially open","Yes","Moderate_lockdown","Initial",1689,3.76000000000001,110,72,35.91,94,35,82,41,21.4070988351015,45.2992116584326,24,"Winter",415113,663550,480,121100,188050,475500,120000,1100,68395,337258,480,27462,433595,33064,33020,44,2169,20005,1442,290468.786193505,204657.55160317,14269.5508590583,299106.806916374,-4.21713562263618,0.47522646822778,-69.3070851704174,551
10.87,"Partially open","Yes","Moderate_lockdown","Initial",1611,6.2,111,78,59.2,70,47,90,49,30.4984635793339,52.1791872352931,32,"Winter",418907,646636,1662,121100,181336,465300,120000,1100,80546,344498,1662,10991,437697,25589,25552,37,2044,19464,1412,290712.349694888,203882.442944461,12072.9731812902,299106.806916374,-4.54246377635193,0.464324482561484,-69.5564875127886,548
10.87,"Partially open","Yes","Moderate_lockdown","Initial",1591,6.17,120,48,63.41,74,47,91,44,28.1375848713065,48.5446320465204,34,"Winter",364064,572780,4022,121100,181780,391000,120000,1100,87861,286039,2718,18843,395461,36417,36358,59,1923,19118,1364,290665.493356935,204780.372433302,10137.8995415075,299106.806916374,-4.89617923813721,0.453422496895183,-69.8058898551599,586
10.87,"Partially open","Yes","Moderate_lockdown","Initial",1560,4.65000000000001,119,50,61.61,102,51,94,44,29.1393185353298,52.7936975381039,35,"Winter",353056,584280,3094,121100,181780,402500,120000,1100,90144,272784,2651,11325,376904,34440,34379,61,2143,18971,1366,290521.873010528,206438.556632023,9388.0721473742,299106.806916374,-5.29946834346678,0.442520511228881,-70.0552921975311,567
10.87,"Partially open","Yes","Moderate_lockdown","Initial",1527,4.54000000000001,119,52,56.48,81,49,88,44,29.309957935733,52.734547139703,36,"Winter",345764,549480,4154,121100,181780,367700,120000,1100,93018,255332,3549,15981,367880,35438,35378,60,2078,18672,1340,290583.562084706,207730.502877787,10488.5635037425,299106.806916374,-5.73795999076509,0.431618525562578,-70.3046945399024,484
10.87,"Partially open","Yes","Moderate_lockdown","Initial",1489,69.7,115,54,83.69,99,68,93,52,39.0391078036968,60.2026093795744,49,"Winter",288566,533964,2679,121100,181780,352184,120000,1100,98354,194396,2679,13583,309012,34414,34360,54,1959,18217,1326,290660.64942746,208008.618710464,12803.6796556191,299106.806916374,-6.17420679198772,0.420716539896276,-70.5540968822736,507
10.87,"Partially open","Yes","Moderate_lockdown","Initial",1449,45.74,116,53,69.37,90,63,88,49,36.1469129261885,58.3544705796406,47,"Winter",258159,552810,2172,121100,181310,371500,120000,1100,77983,191349,2172,10234,281738,35221,35144,77,1954,18247,1288,290604.423807372,207357.931178979,14328.2565558828,299106.806916374,-6.57506744679614,0.409814554229973,-70.8034992246449,506
12.53,"Partially open","Yes","Moderate_lockdown","Initial",1408,65.87,108,84,63.74,68,56,82,53,47.6359333210208,59.5569573644046,50,"Winter",302974,542366,365,121100,180866,361500,120000,1100,66605,230518,365,14478,311966,22279,22236,43,1756,17539,1281,290568.205508768,206371.82432402,13903.4456355458,299106.806916374,-6.93411322527238,0.398912568563671,-71.0529015670161,480
12.53,"Open","Yes","Moderate_lockdown","Initial",1369,73.85,108,85,109.65,82,59,89,58,48.0753737521012,59.4643218650642,54,"Winter",344180,542836,966,121100,181336,361500,120000,1100,71528,264712,966,19129,356335,19592,19552,40,1798,16910,1243,290611.855270949,205692.201167121,12230.3367678256,299106.806916374,-7.27406245186947,0.388010582897368,-71.3023039093874,488
12.53,"Open","Yes","Moderate_lockdown","Initial",1343,55.16,116,58,89.89,87,58,91,52,38.5439690004029,58.7480821269119,50,"Winter",361867,537163,3979,121100,180663,356500,120000,1100,85561,285377,2896,20811,394645,24425,24373,52,1690,16886,1275,290625.026415947,205632.402612797,10594.1715036538,299106.806916374,-7.62904923142369,0.377108597231066,-71.5517062517587,491
12.53,"Open","Yes","Moderate_lockdown","Initial",1318,47.04,117,56,73.19,88,59,89,49,36.4779378472227,58.1483552252225,47,"Winter",378124,536978,3590,121100,181078,355900,120000,1100,88402,288925,2611,22900,402838,22927,22880,47,1752,16724,1267,290594.474888261,206077.69029385,9944.25086869739,299106.806916374,-8.02037457099496,0.366206611564763,-71.8011085941299,496
12.53,"Open","Yes","Moderate_lockdown","Initial",1291,41.65,116,57,70.08,86,58,88,48,36.2051363358384,58.0676521101002,46,"Winter",330310,552186,2860,121100,181686,370500,120000,1100,93906,259307,2401,16546,372160,21937,21878,59,1756,16332,1243,290592.960361505,206653.322401147,10749.0530883084,299106.806916374,-8.44284865098206,0.355304625898461,-72.0505109365012,448
12.53,"Open","Yes","Moderate_lockdown","Initial",1250,37.62,116,56,66.55,85,59,88,49,35.6174655641013,58.4968292620333,45,"Winter",260810,559686,2254,121100,181686,378000,120000,1100,90572,193825,1990,13098,299485,21097,21049,48,1782,16478,1272,290612.62494563,207000.304558148,12481.8544333565,299106.806916374,-8.87030670688159,0.344402640232158,-72.2999132788724,472
12.53,"Open","Yes","Moderate_lockdown","Initial",1210,36.23,116,55,63.17,87,62,88,49,35.3534042978072,58.4146974845047,45,"Winter",185588,561716,2074,121100,177716,384000,120000,1100,73353,136057,2074,10666,222150,21644,21589,55,1661,16416,1271,290609.194966953,206975.984939446,13730.8524791479,299106.806916374,-9.275099688584,0.333500654565856,-72.5493156212437,466
14.45,"Open","Yes","Moderate_lockdown","Initial",1158,64.72,107,85,67.1,89,62,85,56,48.4009494298633,60.6015121400827,52,"Winter",250616,555960,335,121100,177460,378500,120000,1100,60939,194677,335,15874,271825,13765,13737,28,1471,15961,1249,290597.520708565,206683.335309162,13560.0665954548,299106.806916374,-9.64716261708209,0.322598668899553,-72.7987179636149,436
14.45,"Open","Yes","Moderate_lockdown","Initial",1127,69.79,108,86,104.39,86,62,90,58,46.8652078152326,59.8183298174802,55,"Winter",325766,562109,1417,121100,177836,384000,120000,1373,75535,257878,1417,19548,354378,12917,12905,12,1379,15689,1247,290602.295535712,206353.370249722,12307.7783667487,299106.806916374,-9.99961684815234,0.31169668323325,-73.0481203059862,407
14.45,"Open","Yes","Moderate_lockdown","Initial",1106,53.28,116,58,79.75,76,58,91,51,37.495230349324,58.778361904187,48,"Winter",337403,564032,4228,121100,178039,382550,120000,4543,84740,274488,3393,22414,385035,15866,15836,30,1431,15728,1274,290608.61508874,206182.895638237,10961.9819811026,299106.806916374,-10.3580597652548,0.300794697566948,-73.2975226483574,499
14.45,"Open","Yes","Moderate_lockdown","Initial",1093,37.61,118,56,60.56,66,54,82,47,34.3618513069257,55.9765595963949,44,"Winter",352956,582238,3740,121100,177998,400100,120000,5240,85840,277949,2916,24822,391527,15926,15879,47,1500,15659,1261,290604.18439846,206230.67867458,10385.7251288046,299106.806916374,-10.7420911083294,0.289892711900645,-73.5469249907287,504
14.45,"Open","Yes","Moderate_lockdown","Initial",1091,30.97,117,58,61.11,87,57,87,47,32.8520295564837,57.6237211180469,41,"Winter",325238,582449,3528,121100,178187,400100,120000,5262,92574,236521,2932,24119,356146,16748,16709,39,1487,15978,1315,290601.175392022,206417.126342732,10957.9126532059,299106.806916374,-11.152316753906,0.278990726234343,-73.7963273331,414
14.45,"Open","Yes","Moderate_lockdown","Initial",1090,0.189999999999998,119,52,52.09,96,43,86,43,27.016506034386,51.8826760012604,33,"Winter",284494,582960,2918,121100,178187,399950,120000,5923,89569,204744,2563,19501,316377,16745,16698,47,1491,16313,1351,290604.649652254,206602.809372869,12267.2212596159,299106.806916374,-11.5713366298806,0.26808874056804,-74.0457296754712,425
14.45,"Open","Yes","Moderate_lockdown","Initial",1091,0.0600000000000023,119,51,49,90,44,84,43,26.7488303122444,50.8818425933672,32,"Autumn",188808,574395,1674,121100,178165,390250,120000,7080,69807,130663,1674,17897,220041,18265,18230,35,1406,16566,1357,290605.777858976,206682.202161955,13284.8672023926,299106.806916374,-11.9770061457336,0.257186754901738,-74.2951320178425,465
19.12,"Open","Yes","Moderate_lockdown","Initial",1097,0.0300000000000011,111,68,46.66,97,37,79,41,23.5029584179817,43.6343975127577,32,"Autumn",212504,541159,478,121100,177909,363250,120000,1100,59711,133585,478,26071,219845,10874,10854,20,1390,16314,1387,290603.328319064,206635.620206665,13259.8944010048,299106.806916374,-12.3579710751421,0.246284769235435,-74.5445343602137,501
19.12,"Open","Yes","Moderate_lockdown","Initial",1110,0.510000000000005,114,70,62.97,84,37,84,42,22.2713078756756,43.1766878938647,32,"Autumn",304148,536262,729,121100,177337,358925,120000,1100,72534,210867,729,27163,311293,11105,11085,20,1221,15986,1378,290603.161228252,206519.821321397,12333.8863376728,299106.806916374,-12.7206557964134,0.235382783569133,-74.793936702585,486
19.12,"Open","Yes","Moderate_lockdown","Initial",1105,0.159999999999997,121,51,53.58,86,39,88,42,25.0864472020877,49.0267965593118,30,"Autumn",322242,534326,3564,121100,178226,356100,120000,1100,83472,221367,2757,29386,336982,14597,14568,29,1280,16572,1417,290604.748070925,206417.34439591,11246.9865906076,299106.806916374,-13.0835445881637,0.22448079790283,-75.0433390449562,460
19.12,"Open","Yes","Moderate_lockdown","Initial",1110,0.170000000000002,121,50,49.83,97,40,85,41,25.089782146658,49.5350549979179,29,"Autumn",372557,533800,4424,121100,178200,355600,120000,1100,84213,266666,3521,31580,385980,14817,14781,36,1423,16763,1456,290604.499674981,206383.331651461,10737.0919050049,299106.806916374,-13.463616091865,0.213578812236528,-75.2927413873275,461
19.12,"Open","Yes","Moderate_lockdown","Initial",1128,0.209999999999994,121,51,48.94,88,38,82,41,24.7900097381216,48.9269939946148,29,"Autumn",346567,534125,3571,121100,178200,355925,120000,1100,90330,235738,2955,30464,359487,16857,16823,34,1613,17133,1480,290603.551280734,206420.71248333,11131.3848308869,299106.806916374,-13.8648124629891,0.202676826570225,-75.5421437296987,499
19.12,"Open","Yes","Moderate_lockdown","Initial",1151,0.0300000000000011,120,49,49.11,99,40,84,42,25.1847895905459,49.9758049025319,29,"Autumn",304848,528125,3037,121100,178200,349925,120000,1100,96147,193647,2862,23628,316284,16705,16668,37,1499,17425,1489,290603.920043294,206491.068835155,12124.3220414763,299106.806916374,-14.2762994712558,0.191774840903923,-75.79154607207,496
19.12,"Open","Yes","Severe_lockdown","Initial",1165,0.0499999999999972,120,50,47.52,103,42,84,42,25.5970652048405,50.309720643474,31,"Autumn",204883,525856,2387,121100,176431,349425,120000,1100,72160,116831,2387,27216,218594,19083,19047,36,1590,17682,1487,290604.437701524,206546.431526599,12950.2283589384,299106.806916374,-14.6809871799552,0.18087285523762,-76.0409484144412,508
20.27,"Open","Yes","Severe_lockdown","Initial",1200,0.280000000000001,111,67,50.46,124,38,82,42,23.6845813411039,44.4656211896951,33,"Autumn",273015,535906,417,121100,175981,359925,120000,1100,59802,171975,417,46459,278653,11913,11898,15,1492,17265,1454,290604.088912727,206558.881690277,13006.8313751896,299106.806916374,-15.0677105545127,0.169970869571318,-76.2903507568125,512
20.27,"Open","Yes","Severe_lockdown","Initial",1213,1.05,114,68,60.62,86,35,84,41,20.6997039710664,42.2627779050806,31,"Autumn",357359,538088,903,121100,176663,361425,120000,1100,74879,250462,903,38860,365104,12556,12541,15,1462,17064,1447,290603.839277228,206531.632110123,12328.767698708,299106.806916374,-15.4384474598261,0.159068883905015,-76.5397530991838,498
20.27,"Open","Yes","Severe_lockdown","Initial",1234,0.329999999999998,122,51,49.86,75,36,87,41,23.8942398566128,48.7463152714034,28,"Autumn",384873,537326,4214,121100,176901,360425,120000,1100,81822,274623,2952,38438,397835,17134,17100,34,1550,17185,1422,290604.115622851,206489.725399632,11462.1678864225,299106.806916374,-15.8059913961382,0.148166898238713,-76.789155441555,485
20.27,"Open","Yes","Severe_lockdown","Initial",1254,0.430000000000007,122,49,45.9,85,37,84,40,24.02679882279,48.8879017917028,28,"Autumn",384748,537771,4493,121100,176971,360800,120000,1100,87782,268024,2912,39134,397852,18074,18042,32,1687,17460,1426,290604.211874888,206460.537275177,11015.9538589661,299106.806916374,-16.1843800063855,0.13726491257241,-77.0385577839263,485
20.27,"Open","Yes","Severe_lockdown","Initial",1277,0.290000000000006,121,50,48.86,94,38,83,41,24.1908439931193,49.3216412056334,28,"Autumn",355888,536471,3136,121100,176971,359500,120000,1100,92123,244412,3072,27612,367219,21118,21075,43,1785,17487,1430,290604.015582936,206457.631556747,11277.8000438445,299106.806916374,-16.5791776749626,0.126362926906108,-77.2879601262975,514
20.27,"Open","Yes","Severe_lockdown","Initial",1330,0.170000000000002,120,49,48.57,96,39,84,42,24.4441518922636,49.6903657787112,29,"Autumn",275510,529691,3188,121100,177891,351800,120000,1100,89599,184211,2832,12141,288783,23531,23494,37,1719,17440,1420,290603.998496332,206476.353683669,12030.6955352408,299106.806916374,-16.9842861277311,0.115460941239805,-77.5373624686688,466
20.27,"Open","Yes","Severe_lockdown","Initial",1390,0.209999999999994,120,49,45.86,97,41,83,42,24.8303570428606,50.2075872525718,30,"Autumn",227216,519417,2440,121100,177417,342000,120000,1100,71644,148910,2440,16939,239933,27006,26969,37,1771,17314,1391,290604.126481668,206500.853659271,12698.5230029564,299106.806916374,-17.3869876541237,0.104558955573503,-77.78676481104,431
17.96,"Open","Yes","Severe_lockdown","Initial",1451,0.629999999999995,112,64,41.56,91,34,78,39,21.1674703987195,41.523187243376,29,"Autumn",278195,504595,796,121100,176995,327600,120000,1100,62767,201208,796,19821,284592,16258,16243,15,1673,16865,1397,290604.108731206,206515.796769574,12797.8423132188,299106.806916374,-17.777154596052,0.0936569699072002,-78.0361671534113,457
17.96,"Open","Yes","Severe_lockdown","Initial",1495,1.31,116,65,47.59,54,31,79,36,17.9042560549322,38.4087627701886,26,"Autumn",334670,514418,895,121100,176418,338000,120000,1100,73943,254629,895,13111,342578,18258,18238,20,1616,16300,1365,290604.031729748,206514.969931581,12305.9326141744,299106.806916374,-18.1540024209077,0.0827549842408977,-78.2855694957825,459
17.96,"Open","Yes","Severe_lockdown","Initial",1578,0.659999999999997,121,51,52.87,94,37,89,42,23.5902051622712,49.3298512124635,28,"Autumn",371574,520135,3806,121100,176735,343400,120000,1100,85158,278448,2802,18904,385312,24438,24407,31,1652,16237,1355,290604.060141028,206502.62925419,11621.5443658827,299106.806916374,-18.5259373527659,0.0718529985745952,-78.5349718381538,450
17.96,"Open","Yes","Severe_lockdown","Initial",1646,0.700000000000003,121,49,50.42,106,39,87,41,23.9551196119588,49.6822304792747,28,"Autumn",367737,519951,4044,121100,176651,343300,120000,1100,87497,273346,3694,18014,382551,24876,24837,39,1918,15880,1275,290604.102511629,206488.564033471,11236.1770397743,299106.806916374,-18.9041132470815,0.0609510129082926,-78.784374180525,430
17.96,"Open","Yes","Severe_lockdown","Initial",1731,0.409999999999997,121,50,49.05,93,38,83,41,23.900744758505,49.0478023584346,28,"Autumn",365144,518957,4035,121100,176557,342400,120000,1100,89809,263690,3498,24762,381759,27792,27749,43,1973,15667,1268,290604.075084116,206481.195540532,11401.8507206688,299106.806916374,-19.2945804900201,0.0500490272419901,-79.0337765228963,409
17.96,"Open","Yes","Severe_lockdown","Initial",1834,0.599999999999994,120,49,50.01,104,39,84,42,24.1010702312948,49.917969000863,29,"Autumn",293274,511451,5298,121100,176651,334800,120000,1100,88971,197430,3590,21005,310996,27828,27782,46,1855,14965,1219,290604.054401164,206483.111179444,11971.2714852762,299106.806916374,-19.6945143753472,0.0391470415756876,-79.2831788652676,410
17.96,"Open","Yes","Severe_lockdown","Initial",1923,0.129999999999995,120,49,47.35,104,41,81,42,24.5000537384719,50.2278255113851,30,"Autumn",236819,504491,7046,121100,176591,327900,120000,1100,71057,160066,2787,19121,253031,31556,31503,53,1766,15142,1271,290604.076366864,206490.991832227,12509.1781703951,299106.806916374,-20.0948077133471,0.0282450559093851,-79.5325812076388,493
14.05,"Open","Yes","Severe_lockdown","Initial",2000,0.849999999999994,112,65,44.93,107,34,77,38,19.0219230742922,39.705970895977,28,"Autumn",275376,517957,2967,121100,175457,342500,120000,1100,61956,199582,629,22575,284742,20252,20228,24,1692,14547,1232,290604.084549178,206498.91922035,12627.4819437264,299106.806916374,-20.4867797242846,0.0173430702430826,-79.7819835500101,433
14.05,"Open","Yes","Severe_lockdown","Initial",2054,2.93000000000001,115,67,58.68,102,34,82,38,17.8559360223523,39.1228664241571,26,"Autumn",320153,527761,3099,121100,175761,352000,120000,1100,69479,237923,866,22371,330639,18784,18767,17,1559,14315,1207,290604.068828028,206502.369072178,12274.1532205176,299106.806916374,-20.8680968610904,0.00644108457678005,-80.0313858923813,417
14.05,"Open","Yes","Severe_lockdown","Initial",2055,1.22,122,51,47.61,88,35,85,40,22.2688927774135,47.4441564083753,26,"Autumn",350605,530046,7617,121100,176446,353600,120000,1100,82670,258509,3490,17767,362436,23714,23674,40,1416,13959,1187,290604.067160066,206500.452170868,11737.7247281779,299106.806916374,-21.2439039360747,-0.00446090108952246,-80.2807882347526,417
14.05,"Open","Yes","Severe_lockdown","Initial",2061,1.27,121,50,43.86,91,36,82,40,23.3933095811192,47.8514879283255,28,"Autumn",344870,530112,11392,121100,176468,352800,120000,1944,80876,244080,3603,27817,356376,24102,24056,46,1591,13797,1183,290604.077477323,206495.548032313,11409.1157595852,299106.806916374,-21.6227438347836,-0.015362886755825,-80.5301905771238,388
14.05,"Open","Yes","Moderate_lockdown","Initial",2077,104.89,112,59,90.46,110,79,92,57,43.463915215545,65.537922759105,60,"Autumn",301459,528245,7384,121100,176468,347000,120000,5877,89958,195950,3120,19972,309000,24055,24017,38,1687,13818,1193,290604.076230216,206491.165628442,11506.6587914424,299106.806916374,-22.0104486747154,-0.0262648724221275,-80.7795929194951,340
14.05,"Open","Yes","Moderate_lockdown","Initial",2074,89.53,114,57,78.72,90,73,89,54,40.4651878029609,63.6765862515576,57,"Autumn",266604,526367,10350,121100,176418,347450,120000,3599,76777,177027,3612,19650,277066,25989,25939,50,1523,13750,1144,290604.069981897,206489.674620687,11935.5428615424,299106.806916374,-22.4063410626072,-0.03716685808843,-81.0289952618663,377
14.05,"Open","Yes","Moderate_lockdown","Initial",2075,70.46,114,56,69.72,101,72,91,52,37.9162414690585,61.4520513296414,53,"Autumn",210295,521016,11490,121100,176334,337000,120000,8782,68768,121737,2289,29005,221799,32003,31955,48,1574,13106,1075,290604.072165087,206491.229792438,12367.0053922159,299106.806916374,-22.8041795306974,-0.0480688437547325,-81.2783976042376,338
10.61,"Open","Yes","Moderate_lockdown","Initial",2062,81.41,105,88,66.27,87,66,84,57,45.8334393575616,65.0173059656506,56,"Autumn",269073,519770,12536,121100,173007,336000,120000,11863,56572,185050,647,39340,281609,16001,15976,25,1497,12231,979,290604.07563055,206494.214586497,12489.8647968956,299106.806916374,-23.1968493524275,-0.058970829421035,-81.5277999466089,359
10.61,"Open","Yes","Moderate_lockdown","Initial",2061,65.74,108,85,92.39,67,56,85,53,38.662246494886,57.7859828294502,54,"Autumn",290230,525282,15659,121100,172789,346500,120000,7093,71640,202171,1011,31067,305889,16702,16680,22,1460,12311,1003,290604.073476182,206496.586598829,12238.9658810769,299106.806916374,-23.581305563211,-0.0698728150873376,-81.7772022889801,340
10.61,"Open","Yes","Moderate_lockdown","Initial",2062,58.11,117,50,93.84,95,61,89,49,35.7778743481128,51.2175528946849,50,"Autumn",304445,478441,25030,121100,173392,299200,120000,6949,75785,200623,2905,50230,329543,22896,22864,32,1384,11789,979,290604.071764698,206497.142536474,11821.1686813395,299106.806916374,-23.9603601699147,-0.0807748007536401,-82.0266046313514,352
10.61,"Open","Yes","Moderate_lockdown","Initial",2064,52.1,119,47,76.18,76,59,83,44,33.77342794747,47.2328730854066,46,"Autumn",347250,480961,30453,121100,167879,301100,120000,13082,73655,243222,3266,57566,377709,23649,23608,41,1590,11584,974,290604.073509441,206496.001832147,11544.1528228684,299106.806916374,-24.3403212431576,-0.0916767864199426,-82.2760069737226,320
10.61,"Open","Yes","Moderate_lockdown","Initial",2058,51.35,118,48,78.41,97,62,84,46,34.2557788400998,49.1391748490459,46,"Autumn",309231,467512,35012,121100,161869,297200,120000,9543,82232,203880,3338,54840,344290,23907,23876,31,1494,11435,957,290604.07420278,206494.221146556,11594.6857865001,299106.806916374,-24.726409227307,-0.102578772086245,-82.5254093160939,281
10.61,"Open","Yes","Moderate_lockdown","Initial",2057,45.43,118,46,71.76,75,60,81,45,33.0418046706992,47.6025885932525,45,"Autumn",282733,439541,30138,121100,137574,295900,120000,7167,81755,176922,3214,50982,312873,24360,24331,29,1498,10939,903,290604.072944356,206492.967842043,11916.0390839829,299106.806916374,-25.1192576906289,-0.113480757752548,-82.7748116584651,285
10.61,"Open","Yes","Moderate_lockdown","Initial",2077,46.2,117,47,76.21,119,67,86,46,33.7827869354407,50.0326600579415,47,"Autumn",264694,445723,2489,121100,134112,293200,120000,19511,66297,158147,2489,40256,267189,26807,26779,28,1541,10109,853,290604.072786567,206492.828831857,12260.6149009641,299106.806916374,-25.5148177941728,-0.12438274341885,-83.0242140008364,282
10.39,"Open","Yes","Moderate_lockdown","Initial",2113,69.68,106,86,72.24,100,64,84,54,46.8575102775099,63.5072288298269,54,"Autumn",321088,377996,622,121100,83164,281000,120000,14932,60338,230863,622,29888,321711,15905,15893,12,1425,9787,828,290604.073617845,206493.615781074,12379.4722479496,299106.806916374,-25.9074805009523,-0.135284729085153,-83.2736163432076,255
10.39,"Open","Yes","Moderate_lockdown","Initial",2131,62.99,108,85,89.15,73,56,82,52,40.2905216183602,57.1402328499963,53,"Autumn",316648,374339,1463,121100,83246,278000,120000,14193,70496,210368,1463,35785,318112,16464,16445,19,1262,9263,788,290604.073532165,206494.658414685,12203.7493093328,299106.806916374,-26.2940379141225,-0.146186714751455,-83.5230186855789,219
10.39,"Open","Yes","Moderate_lockdown","Initial",2152,51.78,116,56,82.54,95,59,88,49,34.983940702324,56.6923003872713,48,"Autumn",345305,369148,5054,121100,83668,273000,120000,13580,81092,229950,3618,35710,350370,21714,21678,36,1299,8887,744,290604.073025425,206495.301788481,11880.1853986361,299106.806916374,-26.6757054934141,-0.157088700417758,-83.7724210279501,225
10.39,"Open","Yes","Moderate_lockdown","Initial",2171,43.49,116,55,72.7,111,61,88,48,34.3889973864331,58.253148618886,46,"Autumn",340342,361573,3775,121100,83574,264100,120000,14999,82089,231440,3419,27174,344122,23497,23473,24,1283,8312,708,290604.073192702,206495.275468098,11649.0120025165,299106.806916374,-27.0569618069905,-0.16799068608406,-84.0218233703214,242
10.39,"Open","Yes","Moderate_lockdown","Initial",2196,36.97,118,54,63.95,71,53,79,46,33.2448498933579,54.678642335907,44,"Autumn",310657,380049,4530,121100,83108,284000,120000,14041,84614,198286,3511,28785,315196,25785,25754,31,1265,8133,712,290604.073475934,206494.755189925,11668.0931940414,299106.806916374,-27.4422365257051,-0.178892671750363,-84.2712257126927,232
10.39,"Open","Yes","Moderate_lockdown","Initial",2208,37.57,116,54,68.84,109,59,85,49,33.7256806158116,57.7071467584769,45,"Autumn",281796,373533,3886,121100,83574,281000,120000,10059,79540,180880,3886,21376,285682,25680,25631,49,1191,7853,698,290604.073306914,206494.155716523,11907.4175697207,299106.806916374,-27.832876652791,-0.189794657416665,-84.5206280550639,210
10.39,"Open","Yes","Moderate_lockdown","Initial",2203,35.36,116,54,66.12,116,62,86,49,33.8657295323391,58.0643047541949,45,"Autumn",262860,362121,3192,121100,83220,276000,120000,4001,67090,169118,3192,26652,266052,25926,25892,34,1106,7335,658,290604.07316546,206493.837337328,12181.3729452137,299106.806916374,-28.2264506589871,-0.200696643082968,-84.7700303974352,193
5.84,"Open","Yes","Moderate_lockdown","Initial",2206,61.13,107,85,70.3,108,60,82,54,44.3665018160924,61.4875878161716,51,"Autumn",306452,330370,495,121100,83370,247000,120000,1100,56914,223529,495,26009,306947,14330,14309,21,1091,6830,630,290604.073303945,206493.913831902,12291.4367995418,299106.806916374,-28.6186949352421,-0.21159862874927,-85.0194327398064,167
5.84,"Open","Yes","Moderate_lockdown","Initial",2230,57.13,108,85,93.09,86,57,84,53,39.9465420976685,57.6477375227443,51,"Autumn",306868,327668,1226,121100,80668,247000,120000,1100,68049,207980,1226,30839,308094,14888,14870,18,1031,6546,614,290604.073362526,206494.246867156,12170.4635106233,299106.806916374,-29.0065726717212,-0.222500614415573,-85.2688350821777,186
5.84,"Open","Yes","Moderate_lockdown","Initial",2252,66.09,114,59,89,97,61,90,55,38.6171780801273,61.0420722734614,55,"Autumn",311564,328461,6078,121100,83461,245000,120000,1100,74446,214369,4419,24408,317642,17938,17900,38,925,6297,592,290604.073261849,206494.585266907,11921.2060361865,299106.806916374,-29.3902655274995,-0.233402600081875,-85.5182374245489,162
5.84,"Open","Yes","Moderate_lockdown","Initial",2279,56.52,115,57,74.45,96,61,87,51,37.0471821745911,60.1551552593737,50,"Autumn",304185,323006,4541,121100,83306,239700,120000,1100,79311,199272,3742,26401,308726,18639,18599,40,1044,5934,581,290604.073247257,206494.735092863,11729.9997047674,299106.806916374,-29.7728112726062,-0.244304585748178,-85.7676397669202,152
5.84,"Open","Yes","Moderate_lockdown","Initial",2304,50.93,115,57,74.73,97,60,86,51,36.3939547117844,60.373352913543,50,"Autumn",293867,345135,4833,121100,83710,261425,120000,1100,78258,193713,3891,22838,298700,19933,19906,27,983,5599,563,290604.0733142,206494.656314197,11728.8597725264,299106.806916374,-30.1578097947719,-0.25520657141448,-86.0170421092914,123
5.84,"Open","Yes","Moderate_lockdown","Initial",2321,44.86,116,55,66.32,79,57,81,50,35.7369810032112,59.6897153307857,48,"Autumn",267004,344426,3429,121100,83426,261000,120000,1100,72878,179296,3163,15096,270433,19135,19100,35,1029,5294,516,290604.073308493,206494.448653373,11905.8713004042,299106.806916374,-30.5469131587503,-0.266108557080783,-86.2664444516627,119
5.84,"Open","Yes","Moderate_lockdown","Initial",2339,41.44,115,55,64.86,92,60,83,51,35.4389142903139,59.9322977249749,48,"Autumn",221572,344159,2973,121100,83159,261000,120000,1100,59505,142204,2698,20138,224545,19710,19681,29,888,4960,507,290604.073267419,206494.261268119,12122.6934479744,299106.806916374,-30.9388367158525,-0.277010542747085,-86.515846794034,120
1.1,"Open","Yes","Moderate_lockdown","Initial",2353,73.12,105,87,79.11,114,64,82,59,47.7367863030378,65.9954626362335,58,"Autumn",258442,309921,523,121100,82921,227000,120000,1100,52714,184411,523,21317,258965,12213,12203,10,825,4671,477,290604.073280195,206494.195969742,12221.598644071,299106.806916374,-31.3304569539095,-0.287912528413388,-86.7652491364052,128
1.1,"Open","Yes","Moderate_lockdown","Initial",2360,75.68,107,86,109.36,83,61,84,58,43.8178496296739,61.6568941382612,59,"Autumn",278626,308630,2370,121100,80630,228000,120000,1100,66263,188947,1307,24479,280996,12652,12636,16,723,4359,469,290604.073303327,206494.260627015,12140.1465772117,299106.806916374,-31.719089123926,-0.29881451407969,-87.0146514787765,107
1.1,"Open","Yes","Moderate_lockdown","Initial",2385,59.36,114,58,86.49,91,59,86,53,37.4623785841021,60.126020708253,53,"Autumn",295967,306991,6261,121100,80630,226000,120000,1461,73829,202840,5303,20256,302228,15903,15869,34,708,4171,440,290604.073290083,206494.387236296,11949.1231408502,299106.806916374,-32.1042957289287,-0.309716499745993,-87.2640538211477,96
1.1,"Open","Yes","Moderate_lockdown","Initial",2418,49,115,55,75.52,94,59,84,50,36.0282234471053,58.8643343236533,50,"Autumn",284423,313844,5089,121100,83249,230150,120000,1545,72185,198144,4112,15071,289512,18427,18404,23,715,4086,436,290604.073278405,206494.488848207,11792.2197296732,299106.806916374,-32.488020473615,-0.320618485412295,-87.513456163519,97
1.1,"Open","Yes","Moderate_lockdown","Initial",2451,49.02,114,56,79.69,111,61,85,51,36.2924297440327,60.1889361845102,50,"Autumn",253291,307635,4965,121100,83164,220000,120000,5571,76388,160785,4140,16943,258256,18575,18544,31,692,3894,442,290604.073289389,206494.513615525,11778.8035890963,299106.806916374,-32.8730795498661,-0.331520471078598,-87.7628585058902,110
1.1,"Open","Yes","Moderate_lockdown","Initial",2488,43.86,115,54,72.35,100,61,85,52,35.2707042099792,59.8274010271804,50,"Autumn",261933,306173,4473,121100,83070,220000,120000,4203,77124,163589,4473,21220,266406,17250,17219,31,725,3643,410,290604.073294326,206494.465883884,11908.7149478107,299106.806916374,-33.2611661372425,-0.3424224567449,-88.0122608482615,84
1.1,"Open","Yes","Moderate_lockdown","Initial",2514,40.31,114,55,69.69,110,64,87,52,35.270618888395,60.7704106225792,49,"Autumn",276046,313802,3503,121100,82587,220000,120000,12315,61333,174251,3483,40482,279549,16755,16716,39,631,3371,393,290604.073286276,206494.39022938,12079.5386340963,299106.806916374,-33.6517723794843,-0.353324442411203,-88.2616631906327,68
4.71,"Open","Yes","Moderate_lockdown","Initial",2541,59.66,107,83,61.23,55,55,74,52,43.2573926248179,57.4886372004819,51,"Autumn",250553,302150,1275,121100,79547,219000,120000,4703,54187,169488,1275,26878,251828,11954,11945,9,633,3057,369,290604.073284949,206494.336424594,12166.4680359554,299106.806916374,-34.0427002398866,-0.364226428077505,-88.511065533004,63
4.71,"Open","Yes","Moderate_lockdown","Initial",2575,62.34,108,83,99.95,68,58,84,56,41.3893040377384,56.9210738810837,55,"Autumn",285534,304568,1944,121100,80497,215000,120000,10171,62620,189095,1944,33819,287478,11667,11657,10,536,2868,369,290604.073290338,206494.329855763,12113.2465811563,299106.806916374,-34.4316935528269,-0.375128413743808,-88.7604678753752,70
4.71,"Open","Yes","Moderate_lockdown","Initial",2590,47.57,116,56,76.5,65,53,80,51,35.4972195596772,56.520318958761,52,"Autumn",269407,305880,6920,121100,83299,213850,120000,9831,71625,177562,6411,20729,276327,13854,13823,31,531,2724,369,290604.073289974,206494.36292408,11967.6119871962,299106.806916374,-34.8179893498723,-0.38603039941011,-89.0098702177465,74
4.71,"Open","Yes","Moderate_lockdown","Initial",2596,47.28,115,56,78.72,110,63,88,51,35.7285752866911,60.343632821556,50,"Autumn",265307,310288,6573,121100,83299,213400,120000,14689,70757,168669,5282,27172,271880,13358,13327,31,528,2593,341,290604.073286647,206494.407289355,11839.7686653337,299106.806916374,-35.2027306953266,-0.396932385076413,-89.2592725601178,71
4.71,"Open","Yes","Moderate_lockdown","Initial",2600,49.94,115,54,75.36,92,61,83,51,35.2766918483494,59.8930204324049,50,"Autumn",254689,323425,5883,121100,83393,227600,120000,13532,76176,156459,5705,22232,260572,12717,12683,34,451,2531,333,290604.073287619,206494.434982785,11819.5751025012,299106.806916374,-35.5880420710093,-0.407834370742716,-89.508674902489,61
4.71,"Open","Yes","Moderate_lockdown","Initial",2611,50.18,115,54,77.08,110,62,85,51,34.7262090744465,60.0314249971134,49,"Autumn",233787,296812,5088,121100,83299,205600,120000,9013,71124,141378,5088,21285,238875,10367,10325,42,440,2421,314,290604.073289507,206494.43424041,11914.0835978378,299106.806916374,-35.9755001274474,-0.418736356409018,-89.7580772448603,48
4.71,"Open","Yes","Moderate_lockdown","Initial",2614,47.45,114,54,75.83,130,67,87,52,34.5093336946899,60.44900419313,49,"Autumn",228942,303784,4885,121100,83090,204600,120000,17194,59864,140442,3786,29735,233827,9983,9963,20,444,2400,297,290604.073288471,206494.412310545,12048.0547572582,299106.806916374,-36.3650930660648,-0.429638342075321,-90.0074795872315,55
1.09,"Open","Yes","Moderate_lockdown","Initial",2627,66.34,106,84,73.97,90,60,79,55,44.4627034126121,60.5845607934062,52,"Autumn",263184,290399,3912,121100,80215,188600,120000,22684,56273,170285,1154,39384,267096,7023,7012,11,342,2189,276,290604.073287508,206494.386763646,12123.153046504,299106.806916374,-36.7553460916612,-0.440540327741623,-90.2568819296028,56
1.09,"Open","Yes","Moderate_lockdown","Initial",2640,65.94,106,84,107.97,82,60,83,57,42.8317223075909,59.6544091617848,55,"Autumn",254973,281076,4809,121100,80497,189600,120000,12079,66093,167881,2708,23100,259782,6809,6801,8,351,2034,261,290604.073288378,206494.373011762,12089.8429939885,299106.806916374,-37.1444407586934,-0.451442313407926,-90.506284271974,47
1.09,"Open","Yes","Moderate_lockdown","Initial",2650,53.15,114,55,89.57,90,60,87,53,36.3936890799833,60.0175690139301,52,"Autumn",288006,284587,10017,121100,83321,187600,120000,14766,72385,185140,6276,34222,298023,7318,7299,19,382,2021,262,290604.073288793,206494.376052569,11979.4049462567,299106.806916374,-37.5314872526018,-0.462344299074228,-90.7556866143453,40
1.09,"Open","Yes","Moderate_lockdown","Initial",2659,45.61,115,53,77.59,99,60,85,50,34.7010441130451,59.196174615674,49,"Autumn",261776,281655,12659,121100,83265,187700,120000,11790,72910,172120,6261,23144,274435,7682,7658,24,423,1847,243,290604.07328815,206494.390124052,11875.9105409704,299106.806916374,-37.9170659154202,-0.473246284740531,-91.0050889567165,34
1.09,"Open","Yes","Moderate_lockdown","Initial",2665,53.29,115,54,78.64,93,59,82,50,34.4721815424606,58.9666426899242,49,"Autumn",259069,277234,10207,121100,83271,180700,120000,14363,78345,153771,6063,31097,269276,7096,7072,24,422,1731,228,290604.073288031,206494.404567546,11852.6480445519,299106.806916374,-38.3027206884912,-0.484148270406833,-91.2544912990878,58
1.09,"Open","Yes","Moderate_lockdown","Initial",2666,55.16,113,52,85.61,137,64,86,53,35.513016976687,60.5529532374902,51,"Autumn",235539,267122,11544,121100,83177,175700,120000,9345,72683,146401,5770,22229,247083,6441,6418,23,350,1637,211,290604.073288464,206494.41107109,11920.7091802326,299106.806916374,-38.6898292512242,-0.495050256073136,-91.503893641459,39
1.09,"Open","Yes","Weak_lockdown","Initial",2674,50.48,113,52,82.68,151,68,88,53,34.9449788127642,60.4575503572839,52,"Autumn",208400,270121,11277,121100,82989,180700,120000,7532,59971,130512,4106,25088,219677,5627,5611,16,371,1559,181,290604.073288443,206494.407838114,12025.2991374103,299106.806916374,-39.0786706436927,-0.505952241739438,-91.7532959838303,30
1.75,"Open","Yes","Weak_lockdown","Initial",2681,69.84,103,86,88.82,152,65,82,60,44.9851908094095,65.3941376006376,57,"Autumn",234731,257377,12313,121100,80177,177200,120000,1100,55398,164325,994,26382,247099,5340,5333,7,288,1399,165,290604.073288174,206494.399046286,12089.278821599,299106.806916374,-39.4683151043071,-0.516854227405741,-92.0026983262016,40
1.75,"Open","Yes","Weak_lockdown","Initial",2675,70.22,105,84,121.23,121,62,82,59,41.3979988942411,61.3139936579538,58,"Autumn",249320,255570,14743,121100,80270,175300,120000,1100,68993,170892,2538,23274,265697,4889,4884,5,261,1301,144,290604.073288247,206494.391035121,12069.7941852738,299106.806916374,-39.8573509105909,-0.527756213072043,-92.2521006685728,25
1.75,"Open","Yes","Weak_lockdown","Initial",2679,58.97,112,55,100.11,129,63,86,55,36.3524205486353,61.3279801598422,53,"Autumn",264248,255949,23603,121100,82899,173050,120000,1100,79167,173342,7808,29594,289911,4973,4946,27,262,1222,138,290604.073288401,206494.388177977,11986.5141996056,299106.806916374,-40.2448879934294,-0.538658198738346,-92.5015030109441,30
1.75,"Open","Yes","Weak_lockdown","Initial",2680,50.04,113,53,90.62,141,64,85,52,35.4677937253932,60.3746093821751,52,"Autumn",239402,253521,27092,121100,82871,170650,120000,1100,75947,157252,6647,27448,267294,4675,4653,22,264,1163,127,290604.07328832,206494.390864261,11903.2290737958,299106.806916374,-40.631129706702,-0.549560184404648,-92.7509053533153,38
1.75,"Open","Yes","Weak_lockdown","Initial",2681,55.78,114,53,89.11,140,63,84,52,35.4482273011965,60.0306282227497,52,"Autumn",241776,252911,43023,121100,82911,170000,120000,1100,79465,156754,6339,42738,285296,4399,4371,28,281,1107,124,290604.073288241,206494.39623404,11879.3167587281,299106.806916374,-41.0171526020832,-0.560462170070951,-93.0003076956866,31
1.75,"Open","Yes","Weak_lockdown","Initial",2688,53.39,113,52,88.28,149,65,86,53,34.7997780747224,60.0642481071203,52,"Autumn",237656,242911,51995,121100,82911,160000,120000,1100,72641,150505,6370,59306,288822,3551,3521,30,268,1067,115,290604.07328831,206494.400586163,11927.7536792173,299106.806916374,-41.4041037317417,-0.571364155737253,-93.2497100380578,26
1.75,"Open","Yes","Weak_lockdown","Initial",2701,51.68,112,53,85.79,168,68,87,53,34.7813990354321,60.5690878933869,52,"Autumn",218704,242817,4666,131100,82817,160000,120000,11100,55037,152681,4666,8808,221192,3428,3399,29,257,983,105,290604.073288345,206494.401687247,12009.0317901241,299106.806916374,-41.792408916685,-0.582266141403556,-93.4991123804291,21
4.7,"Open","Yes","Social_distancing","Initial",2693,67.13,102,87,86.81,162,66,83,62,45.9021704185563,66.9553246458748,58,"Autumn",225008,231921,1695,121100,79921,152000,120000,1100,50178,162995,1172,12730,227075,2154,2147,7,227,844,92,290604.073288293,206494.399690821,12062.9094702046,299106.806916374,-42.1815340534018,-0.593168127069858,-93.7485147228003,20
4.7,"Open","Yes","Social_distancing","Initial",2703,70.18,104,84,116,119,62,83,60,40.6050829684343,60.9198492822837,57,"Autumn",227767,232015,3221,121100,80015,152000,120000,1100,62516,158650,3043,7760,231969,2670,2659,11,217,813,86,290604.073288283,206494.396476968,12052.8351807935,299106.806916374,-42.5704222674178,-0.604070112736161,-93.9979170651716,23
4.7,"Open","Yes","Social_distancing","Initial",2713,58.15,112,51,95.21,127,64,86,55,35.3837011242318,60.6707195436777,52,"Autumn",241191,234957,9189,121100,82857,152000,120000,1200,65672,172968,7895,4304,250839,3324,3294,30,230,771,143,290604.073288318,206494.39416756,11990.4075171707,299106.806916374,-42.9582572268977,-0.614972098402463,-94.2473194075428,20
4.7,"Open","Yes","Social_distancing","Initial",2750,50.2,114,49,87.74,142,65,86,52,34.7111905959297,60.0058688555024,50,"Autumn",232982,235817,7187,121100,82817,152000,120000,2100,63735,158713,5858,12006,240312,3628,3606,22,217,945,78,290604.073288316,206494.39386024,11923.7574370102,299106.806916374,-43.3450051211482,-0.625874084068766,-94.4967217499141,16
4.7,"Open","Yes","Social_distancing","Initial",2786,55.45,114,49,86.38,131,63,84,50,33.9273788903131,59.157779189567,50,"Autumn",220488,253817,6839,121100,82817,161000,120000,11100,72385,133274,5893,15913,227465,3365,3343,22,203,925,80,290604.073288295,206494.395249386,11900.7010787233,299106.806916374,-43.7313800278397,-0.636776069735068,-94.7461240922854,14
4.7,"Open","Yes","Social_distancing","Initial",2804,48.43,114,46,85.2,136,65,85,51,33.409500495329,59.5059092102396,50,"Autumn",202692,243817,6800,121100,82817,161000,120000,1100,63688,123163,6184,16574,209609,3370,3330,40,184,895,80,290604.0732883,206494.397136943,11934.6850229704,299106.806916374,-44.1182990191422,-0.647678055401371,-94.9955264346566,16
4.7,"Open","Yes","Social_distancing","Initial",2833,20.45,114,46,80.31,134,68,86,51,33.0189343461272,59.3518314888213,50,"Autumn",204368,248763,3989,121100,82763,156000,120000,11100,48888,130364,3797,12643,195692,3931,3878,53,145,903,77,290604.073288313,206494.398328688,11997.5545692803,299106.806916374,-44.5062383358638,-0.658580041067673,-95.2449287770279,24
-14.02,"Open","Yes","Social_distancing","Initial",2848,67.2,103,85,80.08,139,66,82,58,42.7770960305897,65.1638551552204,53,"Autumn",193087,236773,1256,121100,79773,147000,120000,11100,43098,126832,1256,18788,189974,2465,2455,10,137,818,69,290604.073288306,206494.398313185,12042.4770165707,299106.806916374,-44.8949394044231,-0.669482026733976,-95.4943311193991,13
-14.02,"Open","Yes","Social_distancing","Initial",2858,67.93,104,83,110.03,113,62,82,58,38.956359467019,60.8592494777219,54,"Autumn",188159,231867,2807,121100,79867,142000,120000,11100,54511,111608,2807,22662,191588,2551,2544,7,130,813,67,290604.0732883,206494.397389044,12038.6417170918,299106.806916374,-45.2836404299321,-0.680384012400278,-95.7437334617704,14
-14.02,"Open","Yes","Social_distancing","Initial",2875,54.73,114,49,93.85,117,62,84,52,33.1693482719342,55.8798358437907,50,"Autumn",202287,231149,7841,121100,83149,138000,120000,11100,62040,126743,6780,14900,210463,3092,3057,35,154,819,69,290604.073288305,206494.396300486,11992.1446376264,299106.806916374,-45.6716359321153,-0.691285998066581,-95.9931358041416,15
-14.02,"Open","Yes","Social_distancing","Initial",2848,43.11,116,46,82.67,110,62,82,47,31.0635663228547,52.7424135756209,48,"Autumn",198983,231337,7229,123600,83337,138000,120000,13600,58914,122445,6579,18945,206883,3152,3105,47,146,818,76,290604.073288308,206494.395706693,11939.0868902954,299106.806916374,-46.0587563256134,-0.702187983732883,-96.2425381465129,9
-14.02,"Open","Yes","Social_distancing","Initial",2836,49.41,116,46,83.79,119,63,82,47,31.0394219692194,51.6162298030431,47,"Autumn",195739,248837,6487,123600,83337,155500,120000,13600,62197,119575,6078,15371,203221,3077,3015,62,145,804,81,290604.073288304,206494.395826947,11917.7571459917,299106.806916374,-46.4454446085382,-0.713089969399186,-96.4919404888841,15
-14.02,"Open","Yes","Social_distancing","Initial",2818,45.86,115,44,85.42,141,66,85,48,30.1513808359343,50.8872888263551,47,"Autumn",171784,248837,4348,121100,83337,155500,120000,11100,49760,114598,3995,7334,175687,2288,2267,21,134,862,82,290604.073288303,206494.396421389,11941.1853601617,299106.806916374,-46.832407342258,-0.723991955065489,-96.7413428312554,11
-14.02,"Partially open","Yes","Social_distancing","Initial",2806,154.43,117,26,86.98,168,82,76,41,24.537988318481,39.7461234082086,53,"Summer",182178,249222,1566,121100,83222,156000,120000,11100,39267,119287,1420,21960,181934,1513,1506,7,90,855,71,290604.073288306,206494.397037782,11989.5862866802,299106.806916374,-47.2201106956737,-0.734893940731791,-96.9907451736266,18
8.7,"Partially open","Yes","Social_distancing","Initial",2778,78.02,102,85,85.02,122,65,77,59,45.1885384389129,65.1410827800624,52,"Summer",180908,227768,1027,121100,79768,138000,120000,11100,41083,125788,759,14435,182065,1171,1167,4,77,832,68,290604.073288306,206494.397319943,12026.7188518124,299106.806916374,-47.608478559006,-0.745795926398094,-97.2401475159979,11
8.7,"Partially open","Yes","Social_distancing","Initial",2766,63.89,105,81,100.51,82,57,77,55,36.7455633248891,57.7192952757518,47,"Summer",179116,227902,3477,121100,79902,138000,120000,11100,44361,126213,2309,10627,183510,1230,1225,5,110,834,66,290604.073288304,206494.397187468,12026.8713476909,299106.806916374,-47.9969847977186,-0.756697912064396,-97.4895498583692,8
8.7,"Partially open","Yes","Social_distancing","Initial",2755,51.65,115,45,88.6,99,61,83,48,29.8309135230635,48.887390776661,45,"Summer",188580,231034,8237,121100,83034,138000,120000,11100,53267,115417,6886,21641,197211,1632,1621,11,138,819,60,290604.073288305,206494.396815303,11992.4818767295,299106.806916374,-48.385047267962,-0.767599897730699,-97.7389522007404,12
8.7,"Partially open","Yes","Social_distancing","Initial",2754,43.74,117,44,76.09,98,60,77,44,28.6347307934071,46.6849005098901,43,"Summer",193326,231059,8894,123600,83059,138000,120000,13600,54836,123367,6994,18219,203416,1591,1563,28,152,841,71,290604.073288306,206494.396472856,11950.4564412021,299106.806916374,-48.7724311253009,-0.778501883397001,-97.9883545431117,12
8.7,"Partially open","Yes","Social_distancing","Initial",2734,104.2,115,46,94.79,139,75,81,48,31.9250009016779,50.5829093697572,49,"Summer",202433,231059,7237,123600,83059,138000,120000,13600,58643,125818,6138,18236,208835,1388,1359,29,130,830,64,290604.073288305,206494.396347948,11931.2919993882,299106.806916374,-49.1593841951434,-0.789403869063304,-98.2377568854829,16
8.7,"Partially open","Yes","Social_distancing","Initial",2726,105.47,117,43,81.25,97,69,77,45,29.4965943569668,47.1105385375154,46,"Summer",179364,228059,6898,121100,83059,135000,120000,11100,59359,103799,5682,17660,186500,1270,1250,20,119,845,68,290604.073288305,206494.396459471,11947.0838988533,299106.806916374,-49.5464313792371,-0.800305854729606,-98.4871592278542,22
8.7,"Partially open","Yes","Social_distancing","Initial",2723,93.98,115,44,80.94,133,74,79,46,29.4733086151645,48.7403219001891,46,"Summer",149699,227965,5453,121100,82965,135000,120000,11100,43696,93317,3996,12384,153393,1301,1289,12,91,877,68,290604.073288305,206494.396687184,11984.16558988,299106.806916374,-49.9339942638031,-0.811207840395909,-98.7365615702254,10
4.7,"Partially open","Yes","Social_distancing","Initial",2731,56.91,103,86,69.27,127,59,75,55,37.4660346254609,60.4327982651416,47,"Summer",165295,209793,9754,121100,79793,120000,120000,11100,41150,114721,821,18517,175209,831,828,3,74,871,72,290604.073288305,206494.396873558,12014.6237720752,299106.806916374,-50.3221096753341,-0.822109826062211,-98.9859639125967,17
4.7,"Partially open","Yes","Social_distancing","Initial",2710,68.09,104,83,98.05,112,55,78,55,34.2388327584733,56.4386678231966,47,"Summer",176844,199887,4176,121100,79887,120000,120000,1100,49830,121555,3195,6875,181455,842,836,6,73,944,71,290604.073288305,206494.396922415,12017.1889146905,299106.806916374,-50.71043285693,-0.833011811728514,-99.2353662549679,12
4.7,"Partially open","Yes","Social_distancing","Initial",2699,50.93,116,45,83.14,113,57,80,46,27.7745848553003,46.6842239069117,43,"Summer",181322,210065,9482,121100,83065,127000,120000,1100,56061,124274,7455,3570,191360,1218,1198,20,109,889,72,290604.073288305,206494.39683895,11991.9516823705,299106.806916374,-51.0985020580462,-0.843913797394816,-99.4847685973392,10
4.7,"Partially open","Yes","Social_distancing","Initial",2697,45.75,116,44,83.6,161,62,84,45,27.4678126138339,48.714446143228,43,"Summer",173952,210079,9683,123600,83079,127000,120000,3600,55361,115266,6590,6716,183933,1498,1470,28,98,910,76,290604.073288305,206494.396702441,11958.8260316018,299106.806916374,-51.4860637964969,-0.854815783061119,-99.7341709397105,16
4.7,"Partially open","Yes","Social_distancing","Initial",2705,73.66,118,43,72.64,78,62,71,42,27.3451483350204,43.7974325149622,43,"Summer",181469,208079,9076,123600,83079,125000,120000,3600,59626,116290,5838,8680,190434,1282,1258,24,113,925,70,290604.073288305,206494.396603336,11941.9800142949,299106.806916374,-51.8732312808994,-0.865717768727421,-99.9835732820817,13
4.7,"Partially open","Yes","Social_distancing","Initial",2704,73.71,116,44,80.83,135,69,79,45,27.5268645570837,46.712179346989,44,"Summer",157642,203402,5816,121100,80402,123000,120000,1100,59427,93798,5575,4210,163010,1116,1099,17,128,954,73,290604.073288305,206494.396589076,11952.3082700014,299106.806916374,-52.2603796917133,-0.876619754393724,-100.232975624453,15
4.7,"Partially open","Yes","Social_distancing","Initial",2702,74.69,116,42,74.56,127,70,78,45,27.4969117571066,45.818425386919,43,"Summer",147527,203308,3910,121100,80308,123000,120000,1100,44720,95888,3910,5656,150174,1298,1286,12,95,983,73,290604.073288305,206494.396647414,11980.5754850731,299106.806916374,-52.6478695678282,-0.887521740060026,-100.482377966824,21
1.82,"Partially open","Yes","Social_distancing","Initial",2696,49.59,104,84,62.22,112,56,74,53,34.8031437893743,56.2458476197071,43,"Summer",168033,204986,1132,121100,80986,124000,120000,1100,42216,120040,1132,5888,169276,602,596,6,80,980,78,290604.073288305,206494.396727712,12005.3860873556,299106.806916374,-53.0358006702733,-0.898423725726329,-100.731780309195,15
1.82,"Partially open","Yes","Social_distancing","Initial",2713,52.55,106,79,83.58,81,52,75,51,31.1964577910683,51.5845957091088,43,"Summer",179241,203227,2790,121100,79227,124000,120000,1100,52233,122681,2481,5592,182987,714,710,4,99,975,76,290604.073288305,206494.396778984,12009.2814211887,299106.806916374,-53.4239628445615,-0.909325711392631,-100.981182651567,23
1.82,"Partially open","Yes","Social_distancing","Initial",2718,41.14,117,44,75.56,100,55,79,45,26.0909438773751,43.9193398751674,40,"Summer",170244,204942,7516,121100,81942,123000,120000,1100,53832,113927,6630,3568,177957,1185,1164,21,100,996,73,290604.073288305,206494.39677901,11990.9227048648,299106.806916374,-53.8120030196762,-0.920227697058934,-101.230584993938,18
1.82,"Partially open","Yes","Weak_lockdown","Initial",2719,32.97,118,42,69.12,123,57,80,42,24.5261801355476,42.9747332802357,39,"Summer",163529,207046,6387,123600,84046,123000,120000,3600,54444,104989,6315,4109,169857,1156,1149,7,129,1009,75,290604.073288305,206494.396740075,11964.9357432473,299106.806916374,-54.1996778648664,-0.931129682725236,-101.479987336309,23
1.82,"Partially open","Yes","Weak_lockdown","Initial",2724,65.93,117,43,74.17,137,64,81,43,25.5901749023274,42.8447001599428,41,"Summer",176030,210046,7955,123600,84046,126000,120000,3600,58702,109281,6054,10407,184444,1242,1221,21,101,1005,80,290604.073288305,206494.396693697,11950.3797420462,299106.806916374,-54.5870125310816,-0.942031668391539,-101.72938967868,24
1.82,"Partially open","Yes","Weak_lockdown","Initial",2723,59.89,116,42,75.66,146,65,81,44,25.6810509104195,43.1931366086057,42,"Summer",158010,210046,8753,121100,84046,126000,120000,1100,56755,90779,5978,12799,166311,1378,1348,30,114,1040,73,290604.073288305,206494.396668066,11956.8497521545,299106.806916374,-54.9742635684779,-0.952933654057841,-101.978792021052,20
1.82,"Partially open","Yes","Weak_lockdown","Initial",2741,60.73,115,42,74.2,159,68,84,45,25.8337109653532,44.0702301227136,42,"Summer",153932,215952,11563,121100,83952,126000,120000,7100,44983,90844,3961,24273,164061,1499,1482,17,86,1088,70,290604.073288305,206494.396672793,11978.2848189708,299106.806916374,-55.3617259155283,-0.963835639724144,-102.228194363423,25
-1.82,"Partially open","Yes","Weak_lockdown","Initial",2677,44.91,102,85,64.89,145,55,77,54,32.7817610966325,56.9505119026839,44,"Summer",162689,215989,3217,121100,80989,126000,120000,10100,43726,109488,1246,11747,166207,627,622,5,106,984,65,290604.073288305,206494.3966979,11998.3670294852,299106.806916374,-55.7495278262084,-0.974737625390446,-102.477596705794,19
-1.82,"Partially open","Yes","Weak_lockdown","Initial",2606,48.22,104,80,88.36,123,51,78,52,29.2314889555132,51.4533993750872,43,"Summer",159760,214227,4525,121100,79227,126000,120000,10100,49344,97482,2598,15752,165176,710,704,6,140,1028,62,290604.073288305,206494.396724202,12002.8658011417,299106.806916374,-56.1375552429251,-0.985639611056749,-102.726999048166,22
-1.82,"Partially open","Yes","Weak_lockdown","Initial",2547,41.55,116,44,79.32,144,54,82,45,25.0963506904356,43.1573844405454,41,"Summer",173795,216942,8651,121100,81942,126000,120000,10100,54094,102046,5614,20110,181864,973,958,15,117,1095,67,290604.073288305,206494.396736438,11989.6448544053,299106.806916374,-56.5255479078727,-0.996541596723051,-102.976401390537,24
-1.82,"Partially open","Yes","Weak_lockdown","Initial",2485,32.7,117,42,76.13,157,58,83,43,24.863774688993,43.4544526944514,39,"Summer",174453,219631,11147,123600,84631,126000,120000,12600,59113,103600,6272,16995,185980,1105,1089,16,100,1156,69,290604.073288305,206494.396731019,11969.3533369646,299106.806916374,-56.9132886213086,-1.00744358238935,-103.225803732908,21
-1.82,"Partially open","Yes","Weak_lockdown","Initial",2384,52.52,117,43,79.27,155,64,80,44,25.6498595731985,44.3206404105288,40,"Summer",160925,217631,13408,123600,84631,124000,120000,12600,59374,93177,6564,15404,174519,1092,1067,25,138,1201,73,290604.073288305,206494.396715267,11956.9501674308,299106.806916374,-57.3007489920081,-1.01834556805566,-103.475206075279,13
-1.82,"Partially open","Yes","Weak_lockdown","Initial",2308,45.35,117,42,76.15,154,64,81,44,25.0342453875481,43.9909754572692,39,"Summer",150573,217631,13157,121100,84631,124000,120000,10100,56731,84014,6350,16327,163422,1065,1037,28,125,1217,76,290604.073288305,206494.396700631,11960.7387745686,299106.806916374,-57.6880949547699,-1.02924755372196,-103.724608417651,27
-1.82,"Partially open","Yes","Weak_lockdown","Initial",2224,43.16,116,42,72.24,161,65,83,44,25.0675529595751,44.0253795840634,39,"Summer",145974,217497,13667,121100,84497,124000,120000,10100,44861,78430,4537,30838,158666,1060,1042,18,109,1252,77,290604.073288305,206494.396695175,11976.903061194,299106.806916374,-58.0755586327589,-1.04014953938826,-103.974010760022,23
-1.05,"Partially open","Yes","Weak_lockdown","Initial",2208,47.02,103,85,66.38,149,56,77,55,34.0804826496481,56.6587568378094,43,"Summer",145511,217313,18218,121100,81313,127000,120000,10100,44562,79526,1201,38497,163786,564,558,6,93,1255,85,290604.073288305,206494.396699801,11993.0626019629,299106.806916374,-58.4632742825479,-1.05105152505456,-104.223413102393,17
-1.05,"Partially open","Yes","Weak_lockdown","Initial",2204,48.34,104,81,88.94,126,51,79,54,30.574071027183,51.4578850849772,43,"Summer",145769,215212,16077,121100,79212,127000,120000,10100,46229,84770,2628,28461,162088,559,552,7,128,1291,92,290604.073288305,206494.396709456,11997.6920235034,299106.806916374,-58.8511934665231,-1.06195351072087,-104.472815444764,20
-1.05,"Partially open","Yes","Weak_lockdown","Initial",2195,43.1,115,43,78.69,155,54,82,46,24.6822266135148,43.3017672809667,41,"Summer",164418,224057,25472,121100,82057,133000,120000,10100,51120,95882,6893,36325,190220,697,686,11,114,1267,86,290604.073288305,206494.396717436,11988.2828734001,299106.806916374,-59.2391317644246,-1.07285549638717,-104.722217787136,31
-1.05,"Partially open","Yes","Weak_lockdown","Initial",2192,34.14,117,42,75.37,175,59,87,44,23.9348508621393,43.3291228065582,39,"Summer",169648,220803,36629,123600,84303,127500,120000,12600,54365,99669,7844,44778,206656,946,926,20,132,1315,84,290604.073288305,206494.3967196,11972.5121792062,299106.806916374,-59.6269052756166,-1.08375748205347,-104.971620129507,17
-1.05,"Partially open","Yes","Weak_lockdown","Initial",2190,29.91,118,43,73.89,165,58,84,44,23.7516917522315,43.190981412254,37,"Summer",157273,220803,8041,123600,84303,127500,120000,12600,55197,88122,7688,14473,165480,1062,1043,19,131,1351,87,290604.073288305,206494.396716112,11962.06578371,299106.806916374,-60.0144566796085,-1.09465946771977,-105.221022471878,28
-1.05,"Partially open","Yes","Weak_lockdown","Initial",2160,27.38,118,42,69.64,149,57,83,43,23.0574794176488,42.8554639211695,36,"Summer",148110,220803,7128,121100,84303,127500,120000,10100,55096,75515,7128,17207,154946,856,836,20,119,1370,93,290604.073288305,206494.396710315,11964.0279674998,299106.806916374,-60.4018851878147,-1.10556145338608,-105.470424814249,26
-1.05,"Partially open","Yes","Weak_lockdown","Initial",2127,23.82,119,41,60.84,111,56,81,41,22.4831549047965,40.8213250684524,35,"Summer",91034,218709,9525,121100,84209,125500,120000,10100,43402,38863,5281,11544,99090,869,857,12,129,1371,97,290604.073288305,206494.396706063,11976.145503691,299106.806916374,-60.7893669498991,-1.11646343905238,-105.719827156621,18
-2.07,"Partially open","Yes","Weak_lockdown","Initial",2105,41.93,105,85,59.66,125,54,76,52,30.7670545101339,54.470401949213,40,"Summer",111818,217485,1623,121100,80985,127500,120000,10100,40977,63572,1623,7252,113424,563,560,3,109,1384,92,290604.073288305,206494.396705405,11989.0770154857,299106.806916374,-61.1770285850591,-1.12736542471868,-105.969229498992,32
-2.07,"Partially open","Yes","Weak_lockdown","Initial",2098,42.1,108,79,71.84,73,48,75,48,25.6944007100227,48.1408094239211,38,"Summer",138127,215702,3892,121100,79202,127500,120000,10100,46013,88032,3107,5802,142954,530,527,3,120,1402,93,290604.073288305,206494.396707855,11993.5432260882,299106.806916374,-61.5648640199998,-1.13826741038498,-106.218631841363,23
-2.07,"Partially open","Yes","Weak_lockdown","Initial",2067,37.18,118,45,77.37,145,53,82,45,23.4719148280819,42.2745667772242,37,"Summer",147050,209547,9937,121100,82047,127500,120000,1100,48482,92297,9586,6864,157229,774,764,10,159,1454,104,290604.073288305,206494.39671127,11986.9411759087,299106.806916374,-61.9527484572977,-1.14916939605129,-106.468034183734,19
-2.07,"Partially open","Yes","Weak_lockdown","Initial",2014,29.04,119,44,70.37,156,55,83,42,22.3959514806812,41.058768369168,35,"Summer",140672,206426,11016,123600,82926,123500,120000,3600,51129,83164,9698,8142,152133,808,803,5,198,1539,111,290604.073288305,206494.396713476,11974.7413261375,299106.806916374,-62.3405327197177,-1.16007138171759,-106.717436526106,36
-2.07,"Partially open","Yes","Weak_lockdown","Initial",1951,26.57,119,44,70.85,166,55,82,42,22.1289522099714,40.9541172833524,35,"Summer",136826,206426,10361,123600,82926,123500,120000,3600,54435,77027,9391,6742,147595,816,804,12,158,1748,110,290604.073288305,206494.396713506,11966.0301682278,299106.806916374,-62.7281473409196,-1.17097336738389,-106.966838868477,34
-2.07,"Partially open","Yes","Weak_lockdown","Initial",1889,22.22,118,42,69.06,167,56,83,42,21.8434790305351,41.038757510171,34,"Summer",132978,206426,9933,121100,82926,123500,120000,1100,52480,69214,9532,11333,142559,788,776,12,125,1635,137,290604.073288305,206494.396711866,11966.7806953361,299106.806916374,-63.115644308439,-1.18187535305019,-107.216241210848,31
-2.07,"Partially open","Yes","Weak_lockdown","Initial",1825,22.35,118,43,67.24,189,60,86,43,22.2827408598588,41.4379274475245,35,"Summer",93475,206332,9223,121100,82832,123500,120000,1100,43230,40863,7716,9932,101741,830,817,13,130,1735,129,290604.073288305,206494.39670989,11975.806596271,299106.806916374,-63.5031524427293,-1.19277733871649,-107.465643553219,31
-3.13,"Partially open","Yes","Weak_lockdown","Initial",1774,35.74,106,82,54.74,113,51,75,49,27.2188682084642,49.8222147558115,36,"Summer",114220,197729,6746,121100,79229,118500,120000,1100,39747,62825,1720,16676,120968,448,443,5,126,1743,131,290604.073288305,206494.396708784,11986.1008999229,299106.806916374,-63.8907833894169,-1.2036793243828,-107.715045895591,24
-3.13,"Partially open","Yes","Weak_lockdown","Initial",1714,39.21,106,81,86.51,145,50,81,52,27.1436236501815,49.7459459462346,40,"Summer",135707,196351,4614,121100,77851,118500,120000,1100,42558,89139,3946,4750,140393,505,499,6,105,1777,137,290604.073288305,206494.396708969,11990.2340505203,299106.806916374,-64.2785563339189,-1.2145813100491,-107.964448237962,31
-3.13,"Partially open","Yes","Weak_lockdown","Initial",1674,34.37,117,47,77.95,171,54,86,46,22.8180208238228,42.9004558744092,37,"Summer",163667,198606,13185,121100,80106,118500,120000,1100,49443,107813,12556,7813,177625,582,578,4,143,1805,143,290604.073288305,206494.396710029,11985.6820849417,299106.806916374,-64.6663916775932,-1.2254832957154,-108.213850580333,34
-3.13,"Partially open","Yes","Weak_lockdown","Initial",1654,23.88,120,45,66,148,54,84,41,21.0783616626647,40.9008582740942,33,"Summer",150911,203277,14991,123600,81777,121500,120000,3600,50434,98781,13777,2974,165966,712,704,8,166,1830,142,290604.073288305,206494.396711151,11976.2892608861,299106.806916374,-65.0541729164128,-1.2363852813817,-108.463252922704,21
-3.13,"Partially open","Yes","Weak_lockdown","Initial",1640,22.03,120,45,63.72,128,52,81,40,20.6178437515123,40.1615285347479,32,"Summer",137224,226270,14235,123600,81770,139500,120000,8600,53790,75826,13532,8915,152063,777,771,6,168,1975,153,290604.073288305,206494.396711681,11969.0879391955,299106.806916374,-65.4418292534153,-1.24728726704801,-108.712655265076,41
-3.13,"Partially open","Yes","Weak_lockdown","Initial",1614,17.77,120,43,62.74,140,51,83,42,20.3179230021721,40.3207025463739,32,"Summer",119234,224770,13935,121100,81770,138000,120000,6100,53820,58675,13434,6192,132121,705,698,7,186,1994,145,290604.073288305,206494.39671146,11969.063525912,299106.806916374,-65.8293807664459,-1.25818925271431,-108.962057607447,42
-3.13,"Partially open","Yes","Weak_lockdown","Initial",1584,17.04,119,44,61.49,165,53,85,43,20.7728764609185,41.0255245576256,33,"Summer",86927,218655,11523,121100,81655,132000,120000,6100,41340,33420,11241,11402,97403,740,736,4,189,2114,162,290604.073288305,206494.396710794,11975.7396139612,299106.806916374,-66.2169179266998,-1.26909123838061,-109.211459949818,45
-5.98,"Partially open","Yes","Weak_lockdown","Initial",1550,32.6,105,83,60.94,172,49,80,53,27.4854746807303,50.4787436109615,36,"Summer",94673,216526,7227,121100,79526,132000,120000,6100,34930,51679,2822,12496,101927,366,364,2,114,2102,159,290604.073288305,206494.396710168,11983.8935537386,299106.806916374,-66.6045343624845,-1.27999322404691,-109.460862292189,32
-5.98,"Partially open","Yes","Weak_lockdown","Initial",1531,32.15,107,80,79.34,136,46,82,52,24.7383101649488,47.1730281954101,37,"Summer",126100,215141,8341,121380,77001,132000,120000,7520,46023,78071,8148,2648,134890,459,455,4,177,2120,168,290604.073288305,206494.39670993,11987.6079773337,299106.806916374,-66.9922624259193,-1.29089520971322,-109.710264634561,38
-5.98,"Partially open","Yes","Weak_lockdown","Initial",1528,26.77,119,45,69.06,136,48,86,44,20.7885250942225,39.5095382502543,33,"Summer",133631,227274,20834,121380,79134,132000,120000,17520,47258,80867,18619,8120,154864,568,563,5,175,2245,191,290604.073288305,206494.396710122,11984.5391073456,299106.806916374,-67.3800555367768,-1.30179719537952,-109.959666976932,44
-5.98,"Partially open","Yes","Weak_lockdown","Initial",1455,18.41,122,43,55.72,105,46,82,40,18.9347658036163,37.1046668610406,29,"Summer",137604,231823,23935,123880,81683,134000,120000,20020,47426,84422,21715,8233,161796,722,713,9,214,2346,188,290604.073288305,206494.396710531,11977.3425294864,299106.806916374,-67.7678259540044,-1.31269918104582,-110.209069319303,61
-5.98,"Partially open","Yes","Weak_lockdown","Initial",1363,16.7,122,43,54.53,95,45,80,39,18.8096301277478,36.4265161328785,29,"Summer",126918,226823,25703,123880,81683,129000,120000,20020,51027,69291,22147,10627,153092,713,705,8,207,2455,185,290604.073288305,206494.396710873,11971.4351039389,299106.806916374,-68.1555079800889,-1.32360116671212,-110.458471661674,47
-5.98,"Partially open","Yes","Weak_lockdown","Initial",1271,15.85,121,42,58.11,132,48,82,41,19.1439517094972,37.6651283992032,29,"Summer",107847,229823,19261,121380,81683,132000,120000,17520,49319,51370,18050,7499,126238,608,601,7,215,2599,197,290604.073288305,206494.396710968,11970.9414874756,299106.806916374,-68.5431013805315,-1.33450315237843,-110.707874004046,43
-5.98,"Partially open","Yes","Weak_lockdown","Initial",1183,16.25,120,43,57.67,153,52,85,42,19.4931607397269,37.9389125064995,31,"Summer",78605,227729,16815,121380,81589,131000,120000,16520,40321,23212,15750,15001,94284,714,706,8,203,2700,209,290604.073288305,206494.396710823,11975.8412319017,299106.806916374,-68.9306667079173,-1.34540513804473,-110.957276346417,54
-1.27,"Partially open","Yes","Weak_lockdown","Initial",1094,24.2,107,80,56.97,159,48,80,50,24.4227835806092,46.7089560121349,34,"Summer",92399,209733,4541,101380,68593,131000,1e+05,11520,37602,39382,3527,16804,97315,558,556,2,195,2742,217,290604.073288305,206494.396710576,11982.268572363,299106.806916374,-69.3182792903408,-1.35630712371103,-111.206678688788,52
-1.27,"Partially open","Yes","Weak_lockdown","Initial",1023,7.75,110,77,67.33,100,43,81,48,20.8736354681411,41.4681450783245,32,"Summer",113877,208141,11826,101380,67001,131000,1e+05,11520,40466,52707,10282,22645,126100,399,398,1,202,2803,221,290604.073288305,206494.396710394,11985.5341958433,299106.806916374,-69.7059764879632,-1.36720910937733,-111.456081031159,52
-1.27,"Partially open","Yes","Weak_lockdown","Initial",941,0.189999999999998,122,44,57.57,135,42,87,42,17.748729676792,35.7345844265133,28,"Summer",138506,210274,33348,101380,69134,131000,1e+05,11520,46818,67360,30553,27835,172566,568,563,5,214,2943,231,290604.073288305,206494.396710364,11983.5265014353,299106.806916374,-70.0937348807611,-1.37811109504364,-111.705483373531,48
-1.27,"Partially open","Yes","Weak_lockdown","Initial",931,0.280000000000001,123,42,49.51,116,42,83,38,16.501377675643,33.9010883073752,25,"Summer",135806,212635,33073,103880,71495,131000,1e+05,14020,46473,65657,27525,29604,169259,606,601,5,216,3080,239,290604.073288305,206494.396710467,11978.0403013686,299106.806916374,-70.4814908181471,-1.38901308070994,-111.954885715902,61
-1.27,"Partially open","Yes","Weak_lockdown","Initial",936,0.230000000000004,123,43,51.01,124,42,83,38,16.5932417057684,34.0679094281455,25,"Summer",123400,212059,33783,103880,70919,131000,1e+05,14020,49258,63378,29401,15094,157131,652,647,5,270,3199,259,290604.073288305,206494.396710612,11973.2278884879,299106.806916374,-70.8691870359999,-1.39991506637624,-112.204288058273,54
-1.27,"Partially open","Yes","Weak_lockdown","Initial",931,0.159999999999997,123,42,48.58,112,42,82,37,16.1747625510169,33.4331222336654,25,"Summer",112785,212059,32623,101380,70919,131000,1e+05,11520,47474,49893,26622,20798,144787,623,618,5,296,3384,279,290604.073288305,206494.396710707,11972.4752682511,299106.806916374,-71.2568114502631,-1.41081705204254,-112.453690400644,81
-1.27,"Partially open","Yes","Weak_lockdown","Initial",915,0.0499999999999972,122,42,49.55,134,45,85,39,16.7363280125588,34.1776245356335,26,"Summer",76388,215775,29722,101380,70635,135000,1e+05,11520,39169,23403,22559,20253,105384,724,718,6,219,3749,262,290604.073288305,206494.396710709,11976.0398871219,299106.806916374,-71.644402104746,-1.42171903770885,-112.703092743016,69
-3.61,"Partially open","Yes","Weak_lockdown","Initial",899,0.159999999999997,109,78,47.73,126,38,77,45,18.8498218108938,38.5165300817239,28,"Summer",82642,212978,7072,81280,67838,135000,80000,11420,30656,33797,5928,19848,90229,449,446,3,208,3558,270,290604.073288305,206494.39671064,11981.082279707,299106.806916374,-72.0320173811566,-1.43262102337515,-112.952495085387,71
-3.61,"Partially open","Yes","Weak_lockdown","Initial",877,0.510000000000005,112,71,54.54,92,35,82,43,15.7951519301593,35.472118028853,25,"Summer",100132,209166,17110,81280,68026,131000,80000,11420,40854,50043,14929,11915,117741,653,648,5,286,3545,270,290604.073288305,206494.396710556,11983.9043564568,299106.806916374,-72.4196944646587,-1.44352300904145,-113.201897427758,73
-3.61,"Partially open","Yes","Weak_lockdown","Initial",859,0.269999999999996,122,43,59.9,157,39,89,41,15.4126334580481,32.4346666844342,27,"Summer",105888,211869,38957,81280,70729,131000,80000,11420,43839,49553,35711,15825,144928,666,665,1,338,3621,268,290604.073288305,206494.396710508,11982.6460932756,299106.806916374,-72.8074254124626,-1.45442499470775,-113.451299770129,79
-3.61,"Partially open","Yes","Weak_lockdown","Initial",842,0.390000000000001,122,41,57.66,188,40,89,39,15.3984622508761,31.6788105393452,27,"Summer",107334,211681,47052,81280,70541,131000,80000,11420,42153,51020,36438,25565,155176,726,724,2,324,3851,276,290604.073288305,206494.396710516,11978.4856918552,299106.806916374,-73.1951659343923,-1.46532698037405,-113.700702112501,108
-3.61,"Partially open","Yes","Weak_lockdown","Initial",822,0.5,122,42,57.67,189,40,88,39,15.3347617376344,31.238246803653,26,"Summer",91671,211123,49168,83780,69983,131000,80000,13920,43620,44420,36102,16161,140303,777,774,3,367,4031,316,290604.073288305,206494.39671056,11974.5901824818,299106.806916374,-73.5828684477573,-1.47622896604036,-113.950104454872,101
-3.61,"Partially open","Yes","Weak_lockdown","Initial",806,0.280000000000001,122,40,56.26,190,42,87,40,15.3757221553206,31.3887466906557,26,"Summer",74200,211139,57034,83780,69999,131000,80000,13920,45784,20972,35006,28918,130680,883,877,6,362,4135,311,290604.073288305,206494.396710608,11973.7197429026,299106.806916374,-73.9705149476172,-1.48713095170666,-114.199506797243,97
-3.61,"Partially open","Yes","Weak_lockdown","Initial",798,0.239999999999995,122,40,53.72,197,46,87,40,15.6153978503694,31.931665678937,26,"Summer",63946,213162,39931,81280,68022,135000,80000,11420,36984,22958,26084,16931,102957,899,892,7,392,4282,340,290604.073288305,206494.396710631,11976.2870488887,299106.806916374,-74.3581271672502,-1.49803293737296,-114.448909139614,83
-0.63,"Partially open","Yes","Weak_lockdown","Initial",785,0.219999999999999,109,77,42.86,139,37,78,43,15.612238616076,34.8928758847184,24,"Summer",60031,201218,16030,81280,66078,135000,80000,1420,29457,27645,9902,9510,76514,636,634,2,288,4223,310,290604.073288305,206494.396710622,11980.2244669452,299106.806916374,-74.7457487397996,-1.50893492303926,-114.698311481986,80
-0.63,"Partially open","Yes","Weak_lockdown","Initial",768,0.780000000000001,111,75,63.68,143,37,85,46,16.0171628906617,34.5412905056265,27,"Summer",83075,201312,34504,81280,66172,135000,80000,1420,36118,44446,20426,16981,117971,683,681,2,258,4253,346,290604.073288305,206494.396710594,11982.6294221148,299106.806916374,-75.1334136613753,-1.51983690870557,-114.947713824357,87
-0.63,"Partially open","Yes","Weak_lockdown","Initial",761,0.200000000000003,124,42,50.43,119,38,86,38,14.0419475077949,27.3923612920089,22,"Summer",90470,199356,42988,81280,68216,131000,80000,1420,40640,46551,41155,5189,133535,993,988,5,336,4414,330,290604.073288305,206494.396710567,11981.8920658405,299106.806916374,-75.5211236922758,-1.53073889437187,-115.197116166728,88
-0.63,"Partially open","Yes","Weak_lockdown","Initial",752,0.579999999999998,126,39,42.36,110,37,81,34,13.1475655191273,25.1817837696159,20,"Summer",89534,198749,46241,81280,67609,131000,80000,1420,41620,44959,44895,4380,135854,1022,1022,0,402,4560,352,290604.073288305,206494.396710557,11978.754525259,299106.806916374,-75.9088495317064,-1.54164088003817,-115.4465185091,90
-0.63,"Partially open","Yes","Weak_lockdown","Initial",742,0.280000000000001,125,40,42.37,117,37,80,35,13.1403431331535,25.2030897013574,20,"Summer",86192,198749,45193,81280,67609,131000,80000,1420,43035,40829,44082,3685,131631,1017,1012,5,431,4719,357,290604.073288305,206494.396710565,11975.6197532766,299106.806916374,-76.2965532039983,-1.55254286570447,-115.695920851471,105
-0.63,"Partially open","Yes","Weak_lockdown","Initial",758,0.400000000000006,124,40,47.76,153,41,84,37,13.4763043300168,26.0720290131906,21,"Summer",81243,198749,41573,81280,67609,131000,80000,1420,42540,36422,39895,3578,122435,1103,1098,5,455,4863,378,290604.073288305,206494.396710582,11974.7233821599,299106.806916374,-76.6842147391048,-1.56344485137078,-115.945323193842,120
-0.63,"Partially open","Yes","Weak_lockdown","Initial",778,0.25,123,41,48.64,158,45,84,38,14.3162432767146,26.5115638811681,23,"Summer",72019,202467,29935,81280,67327,135000,80000,1420,35711,32097,28186,5343,101337,1045,1043,2,439,4870,385,290604.073288305,206494.396710597,11976.5507121692,299106.806916374,-77.0718445355292,-1.57434683703708,-116.194725536213,107
4.98,"Partially open","Yes","Moderate_lockdown","Initial",791,0.189999999999998,110,73,49.37,171,32,77,42,12.4200748325843,27.3026065654005,24,"Summer",68975,200260,14436,41280,65120,135000,40000,1420,30700,35988,13452,3825,83965,826,826,0,364,4908,393,290604.073288305,206494.396710601,11979.6110169385,299106.806916374,-77.4594739863948,-1.58524882270338,-116.444127878585,136
4.98,"Partially open","Yes","Moderate_lockdown","Initial",807,0.390000000000001,112,72,63.42,154,31,82,42,12.0983601345984,26.0541565095153,24,"Summer",98447,200354,21435,41280,65214,135000,40000,1420,37983,58061,21337,3028,120409,886,884,2,385,4941,390,290604.073288305,206494.396710595,11981.6367449888,299106.806916374,-77.8471324022953,-1.59615080836968,-116.693530220956,101
4.98,"Partially open","Yes","Moderate_lockdown","Initial",815,0.390000000000001,127,40,43.84,101,31,81,34,11.3532583285969,18.7007647570365,18,"Summer",98512,188374,48200,41280,67234,121000,40000,1420,40426,54790,46952,4931,147099,1053,1052,1,393,5090,393,290604.073288305,206494.396710584,11981.2542667802,299106.806916374,-78.2348270671678,-1.60705279403599,-116.942932563327,135
4.98,"Partially open","Yes","Moderate_lockdown","Initial",822,0.799999999999997,127,38,39.62,107,32,79,32,10.9066457586158,17.8996410981723,17,"Summer",102105,188844,47566,41280,67704,121000,40000,1420,40058,58855,46491,3940,149344,1013,1006,7,446,5179,390,290604.073288305,206494.396710577,11978.9020848857,299106.806916374,-78.6225398712021,-1.61795477970229,-117.192334905698,121
4.98,"Partially open","Yes","Moderate_lockdown","Initial",810,0.420000000000002,128,38,36.09,79,29,75,31,10.727617775462,17.4816635283836,17,"Summer",101054,187704,44476,42000,66704,121000,40000,2000,43200,54652,42979,4678,145509,1196,1193,3,511,5475,439,290604.073288305,206494.396710575,11976.3933871913,299106.806916374,-79.0102416047782,-1.62885676536859,-117.44173724807,166
4.98,"Partially open","Yes","Moderate_lockdown","Initial",785,0.700000000000003,125,39,45.35,148,33,80,34,11.1592413318053,18.5302109580991,19,"Summer",94873,187704,38694,42000,66704,121000,40000,2000,43052,48554,37147,4349,133102,1165,1162,3,491,5736,491,290604.073288305,206494.39671058,11975.5282297309,299106.806916374,-79.3979128073317,-1.63975875103489,-117.691139590441,137
4.98,"Partially open","Yes","Moderate_lockdown","Initial",765,0,125,39,41.4,133,35,81,34,11.1088326202807,18.5044137026471,19,"Summer",70840,184742,28446,41000,63742,121000,40000,1000,32206,34563,27978,3698,98445,1099,1097,2,412,5931,509,290604.073288305,206494.396710586,11976.8105816436,299106.806916374,-79.7855563909702,-1.6506607367012,-117.940541932812,161
6.31,"Partially open","Yes","Moderate_lockdown","Initial",751,0,112,65,41.9,111,28,73,38,11.8564363546818,20.0698187589199,20,"Summer",86546,186455,17196,41000,61455,125000,40000,1000,30792,52998,16694,3638,104122,722,721,1,406,5944,515,290604.073288305,206494.39671059,11979.1780596913,299106.806916374,-80.1731939906674,-1.6615627223675,-118.189944275183,163
6.31,"Partially open","Yes","Moderate_lockdown","Initial",728,0,117,62,43.07,64,25,73,35,9.96732984994929,17.9760551738044,18,"Summer",92818,186549,24427,41000,61549,125000,40000,1000,35636,54926,22720,4299,117581,804,801,3,407,6149,540,290604.073288305,206494.39671059,11980.8674331237,299106.806916374,-80.560849746032,-1.6724647080338,-118.439346617555,151
6.31,"Partially open","Yes","Moderate_lockdown","Initial",718,0,128,38,41.52,97,29,80,33,9.99686409518475,7.93749200760783,17,"Summer",101804,188912,43048,41000,63912,125000,40000,1000,37693,60974,41619,4723,145009,1123,1120,3,475,6379,554,290604.073288305,206494.396710587,11980.7204436294,299106.806916374,-80.9485335639533,-1.6833666937001,-118.688748959926,184
6.31,"Partially open","Yes","Moderate_lockdown","Initial",708,0,128,37,39.53,107,30,79,32,9.68427305444672,7.75026019370005,17,"Summer",99046,179536,45010,41000,63536,116000,40000,1000,39593,55852,42899,5880,144224,1249,1248,1,564,6580,571,290604.073288305,206494.396710584,11978.9682871746,299106.806916374,-81.3362353771244,-1.69426867936641,-118.938151302297,183
6.31,"Partially open","Yes","Moderate_lockdown","Initial",696,0,127,37,40.6,101,29,77,32,10.2038329153881,7.68409047187745,18,"Summer",101739,179307,41772,41000,63307,116000,40000,1000,39735,56939,40385,6384,143443,1369,1365,4,632,6815,602,290604.073288305,206494.396710581,11976.9711100211,299106.806916374,-81.7239335228881,-1.70517066503271,-119.187553644668,203
6.31,"Partially open","Yes","Moderate_lockdown","Initial",696,0,125,37,47.53,170,32,82,34,9.98275889718104,8.02829872770491,20,"Summer",92609,179307,36973,41000,63307,116000,40000,1000,38163,48104,36013,6903,129183,1492,1489,3,668,7087,636,290604.073288305,206494.396710582,11976.1702249115,299106.806916374,-82.1116104538358,-1.71607265069901,-119.43695598704,233
6.31,"Partially open","Yes","Moderate_lockdown","Initial",698,0,125,37,45.67,175,35,84,35,10.1224025504718,8.17866227212139,20,"Summer",70760,179213,30947,41000,63213,116000,40000,1000,29998,34765,30357,6451,101571,1439,1438,1,605,7248,652,290604.073288305,206494.396710584,11977.0545343831,299106.806916374,-82.4992644658433,-1.72697463636531,-119.686358329411,199
18.47,"Closed","Yes","Moderate_lockdown","Initial",677,0,111,67,48.5,168,27,75,39,9.60686216166301,8.79624569249889,21,"Spring",82636,166540,23191,41000,53540,113000,40000,1000,27520,47743,23110,7061,105434,1080,1080,0,528,7238,679,290604.073288305,206494.396710586,11978.8773634262,299106.806916374,-82.8869096959942,-1.73787662203162,-119.935760671782,195
18.47,"Closed","Yes","Moderate_lockdown","Initial",672,0,114,65,58.3,148,26,80,39,8.36469252470022,8.09170798904397,19,"Spring",96867,164634,23205,41000,53634,111000,40000,1000,31755,58112,25376.7755218107,7520,97387,1132,1129,3,568,7268,704,290604.073288305,206494.396710587,11980.2740310734,299106.806916374,-83.2745652584913,-1.74877860769792,-120.185163014153,219
18.47,"Closed","Yes","Moderate_lockdown","Initial",663,0,127,36,49.3,161,29,84,34,8.50462661361067,1.10045958312004,18,"Spring",105326,165443,27246.3624363963,41000,55443,110000,40000,1000,37085,58465,34178.3117490477,11002,106552,1531,1528,3,614,7586,719,290604.073288305,206494.396710586,11980.2777108074,299106.806916374,-83.6622417704964,-1.75968059336422,-120.434565356525,254
18.47,"Closed","Yes","Moderate_lockdown","Initial",650,0,128,34,45.73,166,30,82,32,8.2859714763962,1.04785211793233,17,"Spring",100969,163255,29764.7938992876,1000,55255,108000,38919.6023346445,1000,37933,46701,40761.9808236688,18100,102734,1757,1753,4,702,7907,751,290604.073288305,206494.396710585,11978.9816280255,299106.806916374,-84.0499346998459,-1.77058257903052,-120.683967698896,288
18.47,"Closed","Yes","Moderate_lockdown","Initial",658,0,127,34,43.93,154,29,80,31,8.09048293747689,1.00396650849938,17,"Spring",82558,161164,30887.9921348922,1000,54164,107000,37877.0263566531,1000,35670,34659,41926.0065270639,12685,83014,1825,1823,2,712,8220,783,290604.073288305,206494.396710584,11977.3996274299,299106.806916374,-84.4376285920179,-1.78148456469682,-120.933370041267,282
18.47,"Closed","Yes","Moderate_lockdown","Initial",650,0,127,33,44.11,157,30,81,32,8.08930814185565,0.981529626955551,17,"Spring",77862,160164,31388.9286483746,1050,54164,106000,36834.4503786618,1050,29708,34057,36526.0193133825,14334,78099,2070,2069,1,698,8732,847,290604.073288305,206494.396710583,11976.6797182086,299106.806916374,-84.8253084741472,-1.79238655036313,-121.182772383638,300
18.47,"Closed","Yes","Moderate_lockdown","Initial",639,0,128,18,51.69,260,30,77,28,4.65301157142229,0.654589069346697,20,"Spring",79376,153070,31612.3419182546,1050,54070,89000,35791.8744006705,11050,26780,42601,29856.2335113045,9097,78478,1625,1622,3,602,8836,863,290604.073288305,206494.396710584,11977.2760441463,299106.806916374,-85.212970086189,-1.80328853602943,-121.43217472601,279
22.01,"Closed","Yes","Moderate_lockdown","Initial",641,0,112,57,44.9,147,26,72,37,7.20811529963815,0.935586401853582,18,"Spring",58192,138853,31711.9822675106,1050,48353,80500,34749.2984226792,11050,27475,24369,26332.6186505024,7789,59633,1373,1370,3,587,8814,886,290604.073288305,206494.396710584,11978.6727172333,299106.806916374,-85.6006220104762,-1.81419052169573,-121.681577068381,281
22.01,"Closed","Yes","Moderate_lockdown","Initial",641,0,118,55,43.69,90,24,76,33,6.02416087546551,0.818278926033474,15,"Spring",91384,133691,31756.4209850729,1050,48191,75500,33706.7224446879,11050,32230,47672,28490.1466866936,12410,92312,1532,1529,3,643,8814,928,290604.073288305,206494.396710585,11979.8185126709,299106.806916374,-85.9882788380382,-1.82509250736203,-121.930979410752,284
22.01,"Closed","Yes","Moderate_lockdown","Initial",632,0,129,34,42.71,125,27,81,31,7.3804487994748,0.0788141180505122,15,"Spring",90979,135421,31776.2402614336,1050,49921,75500,32664.1464666966,11050,35915,48145,33866.0586203869,8083,92143,2057,2056,1,740,9184,964,290604.073288305,206494.396710585,11979.9134734011,299106.806916374,-86.37595071972,-1.83599449302834,-122.180381753123,300
22.01,"Closed","Yes","Moderate_lockdown","Initial",632,0,129,32,39.41,154,28,81,30,7.17368447913218,0.066076783824639,15,"Spring",105754,137612,31785.0794840082,1050,50112,77500,31621.5704887053,11050,37728,55670,38447.1294559339,14521,107919,2567,2565,2,841,9293,1008,290604.073288305,206494.396710585,11978.9621769591,299106.806916374,-86.7636367339064,-1.84689647869464,-122.429784095495,342
22.01,"Closed","Yes","Moderate_lockdown","Initial",625,0,128,32,42.97,175,28,81,31,7.28658290429636,0.0645589669090223,16,"Spring",86697,134855,31789.0216993697,1100,49355,75500,30578.994510714,11100,38296,43107,38896.5755870019,6416,87819,2719,2719,0,850,9563,1034,290604.073288305,206494.396710585,11977.7151114744,299106.806916374,-87.151326336552,-1.85779846436094,-122.679186437866,353
22.01,"Closed","Yes","Moderate_lockdown","Initial",628,0,128,32,40.69,164,29,79,31,7.18373068425262,0.0654814453653196,16,"Spring",86335,128867,31790.7798926751,1100,46867,72000,29536.4185327227,11100,35196,44457,35471.1351638081,8473,88126,3063,3060,3,880,10013,1106,290604.073288305,206494.396710584,11977.0820771484,299106.806916374,-87.5390073020842,-1.86870045002724,-122.928588780237,372
22.01,"Closed","Yes","Moderate_lockdown","Initial",620,0,128,32,38.38,160,30,78,30,7.37623237445255,0.0720704079434913,16,"Spring",71633,126867,31791.5640313931,1100,46867,70000,28493.8425547314,11100,28835,34193,30983.0452904295,9504,72532,2581,2577,4,848,10231,1141,290604.073288305,206494.396710584,11977.4723244281,299106.806916374,-87.9266742306012,-1.87960243569355,-123.177991122608,407
41.15,"Closed","Yes","Moderate_lockdown","Initial",601,0,114,54,41.36,140,23,69,33,5.86512350112523,0.0700762274873922,15,"Spring",81213,128822,31791.9137503501,1000,45822,73000,27451.2665767401,11000,24746,50544,28824.8313830238,6851,82141,1837,1837,0,792,10199,1196,290604.073288305,206494.396710584,11978.5371052041,299106.806916374,-88.3143317462197,-1.89050442135985,-123.42739346498,377
41.15,"Closed","Yes","Moderate_lockdown","Initial",599,0,118,51,42.93,98,22,72,32,5.12151104921229,0.0669652405010688,13,"Spring",90549,117822,31792.0697219226,1000,45822,72000,26408.6905987488,1000,31549,56713,30233.1175564934,5091,93353,2082,2081,1,813,10238,1234,290604.073288305,206494.396710585,11979.4705684491,299106.806916374,-88.7019905857389,-1.90140640702615,-123.676795807351,419
41.15,"Closed","Yes","Moderate_lockdown","Initial",601,0,130,32,37.94,121,25,76,29,6.01187303560082,0.0623737723826115,13,"Spring",90047,128203,31792.1392838692,1000,47203,81000,25366.1146207575,1000,37324,50722,33826.488635762,5888,93934,2530,2530,1.01377289856039,868,10691,1337,290604.073288305,206494.396710585,11979.6159727706,299106.806916374,-89.0896597848853,-1.91230839269245,-123.926198149722,421
41.15,"Closed","Yes","Moderate_lockdown","Initial",593,0,130,30,32.55,108,25,74,26,5.84425306175872,0.0634749490975172,12,"Spring",85656,127498,31792.1703078843,1000,47498,80000,24323.5386427662,1000,32207,49388,36760.7823375154,3571,85166,2630,2630,1.41490628801142,908,10921,1314,290604.073288305,206494.396710585,11978.9238363435,299106.806916374,-89.4773406082846,-1.92321037835876,-124.175600492093,465
41.15,"Closed","Yes","Moderate_lockdown","Initial",585,0,131,30,31.43,88,23,71,26,5.77574296582894,0.0639033795324392,12,"Spring",82843,125400,31792.1841443216,1000,47400,78000,23280.9626647749,1000,31828,48885,37027.8224677615,2759,83472,3330,3330,1.88355707327414,966,11342,1342,290604.073288305,206494.396710585,11977.9454441707,299106.806916374,-89.8650262564864,-1.93411236402506,-124.425002834465,454
41.15,"Closed","Yes","Moderate_lockdown","Initial",580,0,130,30,32.5169380207352,106,25,73,27,5.80856968213791,0.0678706777704458,12,"Spring",74966,116982,31792.1903152507,1000,46982,70000,22238.3866867836,1000,32077,40291,34726.8099995305,2491,74859,3410,3410,2.06293783143423,983,11591,1414,290604.073288305,206494.396710585,11977.3983151073,299106.806916374,-90.2527071240955,-1.94501434969136,-124.674405176836,441
41.15,"Closed","Yes","Moderate_lockdown","Initial",578,0,130,29,29.3322381818707,83,25,72,26,5.98176978831627,0.0738704858263003,13,"Spring",71976,109670,31792.1930674307,1000,47170,62500,21195.8107087923,1000,25462,41654,31806.1621050089,3244,70360,3612,3612,1.83030761238809,1029,11967,1485,290604.073288305,206494.396710584,11977.6430051588,299106.806916374,-90.6403775934167,-1.95591633535766,-124.923807519207,428
31.76,"Closed","No","Moderate_lockdown","Initial",583,0,117,49,27.7,64,17,59,25,4.55584056692181,0.070012260141443,10,"Spring",76103,107356,31792.1942948787,1000,46106,61250,20153.234730801,1000,26327,47214,30420.0490264953,3401,76942,2337,2337,1.37937300103147,915,11727,1538,290604.073288305,206494.396710584,11978.4505091175,299106.806916374,-91.0280395918241,-1.96681832102397,-125.173209861578,494
31.76,"Closed","No","Severe_lockdown","Initial",578,0,119,47,40.92,105,20,70,30,4.13311550369381,0.07745325743441,11,"Spring",76829,95106,31792.1948423097,1000,46106,49000,19110.6587528096,1000,28412,46174,31391.3903289668,2616,77202,2170,2170,1.06016046385804,944,12015,1585,290604.073288305,206494.396710585,11979.2061616619,299106.806916374,-91.415700712713,-1.97772030669027,-125.42261220395,539
31.76,"Closed","No","Severe_lockdown","Initial",568,0,135,19,37.92,132,21,73,24,3.11053461991557,0.0575412098376524,11,"Spring",77378,89170,31792.1950864591,1000,47170,42000,18068.0827748183,1000,32492,42344,33753.1768488128,3056,77892,3064,3064,1.10789336735379,909,12053,1642,290604.073288305,206494.396710585,11979.3745739822,299106.806916374,-91.8033685901479,-1.98862229235657,-125.672014546321,569
31.76,"Closed","No","Severe_lockdown","Initial",562,0,131,29,30.98,121,25,78,27,5.38802457119759,0.0784314078433617,11,"Spring",77619,101321,31792.1951953476,1000,44321,57000,17025.506796827,1000,33588,43153,35659.5154335796,2171,78912,3787,3787,1.47043723464961,1166,12626,1685,290604.073288305,206494.396710585,11978.8760360804,299106.806916374,-92.1910456612527,-1.99952427802287,-125.921416888692,631
31.76,"Closed","No","Severe_lockdown","Initial",559,0,131,29,30.04,116,23,73,26,5.34386517562398,0.0807683647950398,11,"Spring",74461,99921,31792.1952439109,1000,42921,57000,15982.9308188357,1000,32667,40610,35795.5194308851,1484,74761,3832,3832,1.86026610534715,1204,13148,1802,290604.073288305,206494.396710585,11978.1120138852,299106.806916374,-92.5787278790726,-2.01042626368918,-126.170819231063,627
31.76,"Closed","No","Severe_lockdown","Initial",549,0,131,28,28.09,100,23,71,25,5.37451506678954,0.0871657891249473,11,"Spring",66981,99454,31792.1952655697,1000,42454,57000,14940.3548408444,1000,32350,33453,34266.5414750964,1641,67444,3686,3686,1.98186701037459,1146,13723,1874,290604.073288305,206494.396710585,11977.6457011802,299106.806916374,-92.9664079666083,-2.02132824935548,-126.420221573435,642
31.76,"Closed","No","Severe_lockdown","Initial",549,0,130,28,27.3,111,25,71,26,5.53153243193733,0.0947816709508941,11,"Spring",73272,93248,31792.1952752293,1000,42248,51000,13897.7788628531,1000,26866,44898,32355.1929252464,1304,73068,3398,3398,1.75519903970506,1249,14097,1936,290604.073288305,206494.396710585,11977.789202716,299106.806916374,-93.3540806452357,-2.03223023502178,-126.669623915806,676
76.31,"Closed","No","Severe_lockdown","Initial",548,0,117,47,27.38,77,18,60,26,4.27188716286005,0.0978060719563877,10,"Spring",67975,107108,31792.1952795374,1000,41108,66000,12855.2028848618,1000,25867,42336,31473.9432158053,614,68817,3002,3002,1.36667119246562,1188,14188,2009,290604.073288305,206494.396710584,11978.3982078356,299106.806916374,-93.741746106559,-2.04313222068808,-126.919026258177,662
76.31,"Closed","No","Severe_lockdown","Initial",542,0,120,46,34.33,83,19,69,29,4.03719714599068,0.108468737245431,9,"Spring",63407,107024,31792.1952814588,1000,41024,66000,11812.6269068705,1000,28052,35507,32135.940593903,0,63559,3258,3258,1.11671754695311,1180,14380,2068,290604.073288305,206494.396710584,11979.0063230208,299106.806916374,-94.1294094768623,-2.05403420635438,-127.168428600548,705
76.31,"Closed","No","Severe_lockdown","Initial",538,0,134,28,25,68,20,70,25,5.00080600726899,0.105722340061646,9,"Spring",74155,120979,31792.1952823157,1000,41979,79000,10770.0509288792,1000,39095,35047,33692.3539686572,751,74893,4766,4766,1.18797126666609,1262,14723,2178,290604.073288305,206494.396710585,11979.179881445,299106.806916374,-94.5170769374674,-2.06493619202069,-127.41783094292,786
76.31,"Closed","No","Severe_lockdown","Initial",533,0,134,26,20.88,57,19,65,22,4.91314979944048,0.109817061973044,9,"Spring",83619,121715,31792.1952826979,700,42715,79000,9727.47495088789,700,39753,43390,34927.0795771831,1072,84215,4961,4961,1.51254632611279,1442,15164,2224,290604.073288305,206494.396710585,11978.8249967701,299106.806916374,-94.9047514083094,-2.07583817768699,-127.667233285291,780
76.31,"Closed","No","Severe_lockdown","Initial",530,0,133,27,22.16,65,21,67,23,4.93993787545884,0.120529739184806,9,"Spring",65908,85865,31792.1952828683,700,40365,45500,8684.89897289658,700,32150,33493,34993.0669972169,1150,66793,5433,5433,1.8342801054964,1488,15521,2286,290604.073288305,206494.396710585,11978.2311461322,299106.806916374,-95.2924307867316,-2.08674016335329,-127.916635627662,817
76.31,"Closed","No","Severe_lockdown","Initial",529,0,132,25,18.51,38,18,58,20,4.91902872510193,0.118324675180765,9,"Spring",45263,76665,31792.1952829444,700,40365,36300,7642.32299490528,700,23648,21615,33975.7362223351,242,45505,4719,4719,1.91039214584202,1518,15877,2353,290604.073288305,206494.396710585,11977.8383265893,299106.806916374,-95.6801097603509,-2.09764214901959,-128.166037970033,801
76.31,"Closed","No","Severe_lockdown","Initial",526,0,131,27,24.59,98,24,68,24,5.19439147189773,0.158390030529405,10,"Spring",32223,72700,31792.1952829783,700,36700,36000,6599.74701691397,700,16440,15013,32726.5747365643,1834,33287,4739,4739,1.69419341527447,1536,16662,2460,290604.073288305,206494.396710585,11977.9128774429,299106.806916374,-96.0677836868583,-2.1085441346859,-128.415440312405,866
104.08,"Closed","No","Severe_lockdown","Initial",519,0,116,46,32.09,105,19,62,28,4.15220975012484,0.167498495368085,10,"Spring",31550,51762,31792.1952829934,500,26262,25500,5557.17103892266,500,17968,13642,32166.0201827015,0,31610,3476,3476,1.36173406198499,1355,16555,2580,290604.073288305,206494.396710585,11978.3694673477,299106.806916374,-96.4554517276976,-2.1194461203522,-128.664842654776,894
104.08,"Closed","No","Severe_lockdown","Initial",516,0,121,43,32.12,75,18,65,26,3.72253269485135,0.183615058164972,8,"Spring",29009,53392,31792.1952830001,500,26262,27130,4514.59506093136,500,17939,11119,32617.1405620516,0,29058,3757,3757,1.16911683978736,1253,16604,2702,290604.073288305,206494.396710585,11978.8561534972,299106.806916374,-96.8431171420155,-2.1303481060185,-128.914244997147,919
104.08,"Closed","No","Severe_lockdown","Initial",509,0,134,27,28.31,95,21,70,25,4.7131252573663,0.20245386608616,9,"Spring",28144,49362,31792.1952830031,500,26262,23100,3472.01908294005,500,21981,6244,33641.9782410065,535,28760,4961,4961,1.25563098880923,1525,17063,2703,290604.073288305,206494.396710585,11979.0237441907,299106.806916374,-97.2307847491381,-2.1412500916848,-129.163647339519,1005
104.08,"Closed","No","Severe_lockdown","Initial",505,0,133,26,27.79,108,22,70,23,4.70532851992903,0.216541377006302,9,"Spring",28432,53367,31792.1952830045,500,26262,27105,2429.44310494875,500,20365,7659,34441.7585129135,508,28532,5167,5167,1.54371478303523,1512,17867,2867,290604.073288305,206494.396710585,11978.7746647216,299106.806916374,-97.618457508731,-2.15215207735111,-129.41304968189,1038
104.08,"Closed","No","Severe_lockdown","Initial",478,0,133,26,27.74,103,21,68,23,4.63021227054585,0.263398618226681,9,"Spring",23153,50621,31792.1952830051,500,25598,25023,1386.86712695744,500,20088,2985,34469.5268556153,487,23560,5517,5517,1.80702624492973,1530,18533,2964,290604.073288305,206494.396710585,11978.3152374566,299106.806916374,-98.0061346287855,-2.16305406301741,-129.662452024261,1102
104.08,"Closed","No","Severe_lockdown","Initial",470,0,133,25,26.45,97,22,67,23,4.72398012518167,0.345993807191993,9,"Spring",22787,47773,31792.1952830053,500,25598,22175,344.291148966135,500,20063,2700,33793.16906434,51,22814,4795,4795,1.84785510043805,1712,19139,3036,290604.073288305,206494.396710585,11977.9876150363,299106.806916374,-98.3938123858836,-2.17395604868371,-129.911854366632,1085
104.08,"Closed","No","Severe_lockdown","Initial",463,0,132,25,26.56,101,23,66,23,5.0288206530734,0.581963497196358,10,"Spring",17957.8259988124,40898,31792.1952830055,500,25098,15800,-698.284829025171,500,14908,2457,32976.8526504392,605,17970,4441,4441,1.64513565460643,1736,19331,3130,290604.073288305,206494.396710585,11978.0163993748,299106.806916374,-98.7814868948965,-2.18485803435001,-130.161256709004,1160
107.25,"Closed","No","Severe_lockdown","Initial",452,0,117,44,30.4,94,17,58,25,4.381276805319,12.5229193001557,9,"Spring",16999.0462952246,39898,31792.1952830055,500,24098,15800,-1740.86080701648,500,13460,5856,32620.8378902935,0,19316,3881,3881,1.36260230687635,1657,19574,3176,290604.073288305,206494.396710585,11978.3565366045,299106.806916374,-99.1691567849287,-2.19576002001632,-130.410659051375,1122
107.25,"Closed","No","Severe_lockdown","Initial",449,0,123,41,26.36,53,16,62,23,3.75762142405769,15.8943653769841,7,"Spring",22269.9645619586,35898,31792.1952830055,500,24098,11800,-2783.43678500778,500,16460,4789,32927.6466072227,377,21626,4743,4743,1.217065482866,1630,19456,3247,290604.073288305,206494.396710585,11978.744005683,299106.806916374,-99.5568239535641,-2.20666200568262,-130.660061393746,1189
107.25,"Closed","No","Severe_lockdown","Initial",453,0,136,25,23.27,57,19,66,21,4.69655549841134,16.0379104095886,8,"Spring",27907.881639317,34308,31792.1952830056,500,24308,10000,-3826.01276299909,500,17308,3773,33602.3299228647,308,21389,4977,4977,1.31239412137403,1966,19330,3162,290604.073288305,206494.396710585,11978.8991938781,299106.806916374,-99.9444920242197,-2.21756399134892,-130.909463736117,1272
107.25,"Closed","No","Severe_lockdown","Initial",462,0,134,24,26.4,85,21,68,21,4.65125430446072,15.818451500062,8,"Spring",31427.682779466,38608,31792.1952830056,500,24308,14300,-4868.5887409904,500,17763,3143,34120.1156300171,422,21328,5292,5292,1.56605026598996,2011,20389,3222,290604.073288305,206494.396710585,11978.7273987538,299106.806916374,-100.33216373409,-2.22846597701522,-131.158866078489,1322
107.25,"Closed","No","Severe_lockdown","Initial",483,0,134,23,27.44,94,21,68,22,4.72956466745599,15.8535450580082,9,"Spring",28776.4847210085,38266,31792.1952830056,500,23966,14300,-5911.1647189817,500,16166,2323,34128.1936038633,176,18665,5070,5070,1.77958128992844,1880,20582,3228,290604.073288305,206494.396710585,11978.3736496566,299106.806916374,-100.719839122759,-2.23936796268153,-131.40826842086,1276
107.25,"Closed","No","Severe_lockdown","Initial",500,0,133,23,25.66,84,22,68,22,4.70687452457681,16.321423270687,9,"Spring",23656.5227919798,35071,31792.1952830056,500,20771,14300,-6953.74069697301,500,13950,2041,33678.7094179149,3,15994,4335,4335,1.79353402269596,2088,21281,3234,290604.073288305,206494.396710585,11978.1027722857,299106.806916374,-101.107515704366,-2.25026994834783,-131.657670763231,1254
107.25,"Closed","No","Severe_lockdown","Initial",518,0,137,13,22.8,80,17,57,15,2.42330707931176,10.4669818401162,8,"Spring",18496.6208617087,32671,31792.1952830056,500,19471,13200,-7996.31667496431,500,12081,2486,33145.4221126979,415,14982,4203,4203,1.60612917714466,2162,21308,3277,290604.073288305,206494.396710585,11978.1022631213,299106.806916374,-101.495190358734,-2.26117193401413,-131.907073105603,1232
74.67,"Closed","No","Severe_lockdown","Initial",545,0,119,36,22.86,75,11,40,22,3.52810326075804,14.201006670115,7,"Spring",18423.2746519268,27447,31792.1952830056,500,19807,7640,-9038.89265295562,500,12017,2489,32919.5969351526,0,14506,3507,3507,1.3676880443652,2066,21687,3301,290604.073288305,206494.396710585,11978.3538816078,299106.806916374,-101.882861517709,-2.27207391968043,-132.156475447974,1378
74.67,"Closed","No","Severe_lockdown","Initial",557,0,123,36,28.58,66,16,64,23,3.34580140243224,15.9075448198515,7,"Spring",21982.1672683046,27447,31792.1952830056,500,19807,7640,-10081.4686309469,500,15020,2630,33127.9424673383,350,18000,3585,3585,1.26046958183305,2163,21254,3274,290604.073288305,206494.396710585,11978.6608164423,299106.806916374,-102.270530125755,-2.28297590534674,-132.405877790345,1365
74.67,"Closed","No","Severe_lockdown","Initial",569,0,138,15,28.59,87,17,65,18,2.64720483333394,11.8522208795762,8,"Spring",27636.4956973112,26057,31792.1952830056,500,19507,6550,-11124.0446089382,500,15892,1845,33571.9730836343,354,18091,4327,4327,1.35966611106278,2461,21280,3228,290604.073288305,206494.396710585,11978.8003452014,299106.806916374,-102.658198806706,-2.29387789101304,-132.655280132716,1319
74.67,"Closed","No","Severe_lockdown","Initial",586,0,134,22,26.13,90,22,74,22,4.59083551019585,16.4486845986807,8,"Spring",29997.5628087881,26557,31792.1952830056,500,19507,7050,-12166.6205869295,500,17188,1655,33907.0531518809,273,19116,4875,4875,1.58133069628106,2631,21005,2963,290604.073288305,206494.396710585,11978.6844703249,299106.806916374,-103.045869940541,-2.30477987667934,-132.904682475088,1375
74.67,"Closed","No","Severe_lockdown","Initial",607,0,134,22,23.87,81,20,67,21,4.58837197366527,15.9197429933587,8,"Spring",28589.3850573709,24461.3554326705,31792.1952830056,-232.489412811553,18149,6320,-13209.1965649208,420.218516744922,15194,1249,33905.7052801006,0,16443,5146,5146,1.75273698814141,2966,20740,2967,290604.073288305,206494.396710585,11978.4134116592,299106.806916374,-103.433544049476,-2.31568186234564,-133.154084817459,1461
74.67,"Closed","No","Severe_lockdown","Initial",642,0,134,22,24.64,91,21,67,22,4.74598369572717,16.1181737416026,9,"Spring",23553.1989188124,22365.6193664718,31792.1952830056,-929.71336517296,18149,6320,-14251.7725429121,366.450746325034,13266,1153,33607.1310616302,4,14423,5477,5477,1.74667998700954,3150,20234,2864,290604.073288305,206494.396710585,11978.1911753033,299106.806916374,-103.821219577148,-2.32658384801194,-133.40348715983,1293
74.67,"Closed","No","Severe_lockdown","Initial",680,0,133,23,21.63,76,22,65,21,5.09685663669472,16.7261049860097,9,"Spring",19730.0952200149,20634.4637714475,31792.1952830056,-1613.83767610601,18049,6320,-15294.3485209035,319.56266592528,12858,826,33258.8391081357,91,13775,5273,5273,1.57551739813893,3047,19493,2644,290604.073288305,206494.396710585,11978.1729082412,299106.806916374,-104.208894109367,-2.33748583367825,-133.652889502201,1170
58.07,"Closed","No","Severe_lockdown","Initial",736,0,118,39,26.06,85,16,59,24,4.41525928054011,17.7942443941217,9,"Spring",18910.1283842624,19517.5984083466,31792.1952830056,-2299.30508497883,15699,6320,-16336.9244988948,278.674005926826,11663,1070,33115.7973396316,505,13238,3556,3556,1.37571754801117,2913,18855,2469,290604.073288305,206494.396710585,11978.3576042715,299106.806916374,-104.596566092891,-2.34838781934455,-133.902291844573,1220
58.07,"Closed","No","Severe_lockdown","Initial",801,0,123,37,28.49,70,16,62,23,3.80497918002864,17.0186337990871,7,"Spring",22467.4499277785,18384.6202005249,31792.1952830056,-2984.97246504897,15699,6320,-17379.5004768861,243.017128907864,15103,796,33257.0713908387,181,16080,3976,3976,1.29938312179356,2922,17502,2309,290604.073288305,206494.396710585,11978.5995663745,299106.806916374,-104.984235836854,-2.35928980501085,-134.151694186944,1147
58.07,"Closed","No","Severe_lockdown","Initial",857,0,136,23,24.34,73,19,66,21,4.83793798581871,16.9220606399902,8,"Spring",26749.289756715,17104.6593835965,31792.1952830056,-3670.60308479471,15499,6320,-18422.0764548774,211.922618136579,13616,677,33549.2197244001,336,14629,4852,4852,1.39872965399902,2932,15546,2120,290604.073288305,206494.396710585,11978.7222786907,299106.806916374,-105.371905163194,-2.37019179067715,-134.401096529315,1061
58.07,"Closed","No","Severe_lockdown","Initial",952,0,136,22,22.76,72,19,64,20,4.78286799056474,16.2081212507347,9,"Spring",29412.8195919789,15454.2160688748,31792.1952830056,-4356.23143460853,15499,6320,-19464.6524328687,184.806710044252,12854,603,33765.9668178264,166,13623,4824,4824,1.59104516145848,3284,13875,1813,290604.073288305,206494.396710585,11978.6464241324,299106.806916374,-105.759576045598,-2.38109377634346,-134.650498871686,1007
58.07,"Closed","No","Severe_lockdown","Initial",1096,0,135,22,22.19,68,19,64,20,4.9400599300005,16.524456789519,9,"Spring",27802.1761773912,13905.2891393262,31792.1952830056,-5041.8606363262,15499,6320,-20507.22841086,161.160334737697,11256,668,33760.7287486618,23,11947,4891,4891,1.7270555217991,3565,13637,1592.34535063143,290604.073288305,206494.396710585,11978.4397678498,299106.806916374,-106.147249244947,-2.39199576200976,-134.899901214058,924
58.07,"Closed","No","Severe_lockdown","Initial",1267,0,134,22,22.29,70,21,65,21,5.12171020203629,17.0382424246194,10,"Spring",24022.1668807972,12505.0512436239,31792.1952830056,-5727.48984288559,15499,6320,-21549.8043888513,140.539558799285,11267,629,33562.4845957283,725.601427887517,11896,4463,4463,1.70654448988228,2834,12597,1338.98658979696,290604.073288305,206494.396710585,11978.2587043118,299106.806916374,-106.534923877198,-2.40289774767606,-135.149303556429,831
58.07,"Closed","No","Severe_lockdown","Initial",1438,0,133,23,19.72,59,21,64,21,5.46119103185136,17.2904714601647,10,"Spring",20226.0916138678,11183.8786232317,31792.1952830056,-6413.11903200202,12799,6320,-22592.3803668426,122.557250949155,11327.9388845179,574.800943979179,33335.0790603022,1102.28720821693,12701.6660631262,4195,4195,1.55186373497727,3189,11093,1072.23739521123,290604.073288305,206494.396710585,11978.2306130726,299106.806916374,-106.922598141099,-2.41379973334236,-135.3987058988,711
7.7,"Closed","No","Severe_lockdown","Initial",1754,0,119,38,17.83,41,13,52,20,4.60142414479489,17.2340183782982,8,"Spring",19860.240000563,9818.74735492961,31792.1952830056,-7098.74822186043,12799,6320,-23634.9563448339,106.875814102033,10725.8404022316,1376.99020073727,33244.6096892815,1375.10846848399,14018.7377796721,2818,2818,1.3856809423292,2492,9525,792.410911472405,290604.073288305,206494.396710585,11978.3650039032,299106.806916374,-107.310270621056,-2.42470171900867,-135.648108241172,586
7.7,"Closed","No","Severe_lockdown","Initial",2065,0,123,37,23.4,43,15,59,22,4.24003130835681,17.7453615223175,8,"Spring",22405.0577877149,8375.63483818011,31792.1952830056,-7784.37741203549,10949,6320,-24677.5323228252,93.2008473714142,11030.8670126804,1463.07926853394,33340.2736290119,1572.70403471061,14978.3473614338,2774,2774,1.33396665985121,2196,8278,501.915882707654,290604.073288305,206494.396710585,11978.554844582,299106.806916374,-107.6979412293,-2.43560370467497,-135.897510583543,516
7.7,"Closed","No","Severe_lockdown","Initial",2377,0,135,25,23.4,70,19,68,23,5.83694338064207,18.5603475078066,9,"Spring",26479.5613968945,6902.79447631944,31792.1952830056,-8470.00660218031,10949,6320,-25720.1083008165,81.2756190325424,11105.6120294872,917.471779244508,33532.4371020202,1715.81607720393,14581.7851893165,3154,3154,1.43074317810449,2229,7267,203.13194753434,290604.073288305,206494.396710585,11978.6609189615,299106.806916374,-108.085611167963,-2.44650569034127,-136.146912925914,463
7.7,"Closed","No","Severe_lockdown","Initial",2696,0,134,25,22.89,80,20,68,23,6.13288296510258,18.4228553344301,10,"Spring",28461.5429065014,5473.96104540123,31792.1952830056,-9155.6357923202,10949,6320,-26762.6842788078,70.8762466804461,11565.3461184021,1083.11880356845,33672.5765390136,1819.46747534876,14350.2077384746,3039,3039,1.5964315878693,1931,6072.2290148774,-101.605007978456,290604.073288305,206494.396710585,11978.6133351105,299106.806916374,-108.473282009482,-2.45740767600757,-136.396315268285,413
7.7,"Closed","No","No_or_limited_measures","Initial",3099,0,133,27,24.09,83,21,72,24,6.88739132034758,19.4153676646687,12,"Spring",27541.6945822105,4076.83220030877,31792.1952830056,-9841.26498246093,10949,6320,-27805.2602567991,61.8074940960595,11541.5191595458,1542.50462270541,33666.2889538323,1894.53881211541,14839.5140898339,2666,2666,1.70291620897361,2087,5076.29488833048,-410.016596489089,290604.073288305,206494.396710585,11978.4566044571,299106.806916374,-108.860954591035,-2.46830966167388,-136.645717610657,337
7.7,"Closed","No","No_or_limited_measures","Initial",3463,0,131,30,24.63,81,24,75,28,9.22864556586408,22.2224483296567,15,"Spring",23997.2859821048,2680.23084050691,31792.1952830056,-10526.8941726017,10949,6320,-28847.8362347904,53.8991059114361,11485.4324283942,1176.34232605473,33534.717232449,1948.91053989525,14847.3263847567,2354,2354,1.67239952495168,1718,4132.58937889238,-719.894720573772,290604.073288305,206494.396710585,11978.3100227956,299106.806916374,-109.248628494822,-2.47921164734018,-136.895119953028,263
7.7,"Closed","No","No_or_limited_measures","Initial",3772,0,125,40,31.25,95,41,87,37,15.2560410589433,32.2987469817678,25,"Spring",21030.1604574323,1262.94234294441,31792.1952830056,-11212.5233627425,10949,6320,-29890.4122127817,47.002611261624,11137.751206157,890.380139149456,33386.2831682585,1988.29021407043,14367.2640238438,2290,2290,1.53393106758201,1273,3063.36673353209,-1029.11336341455,290604.073288305,206494.396710585,11978.2774387208,299106.806916374,-109.636302427267,-2.49011363300648,-137.144522295399,208
0.36,"Closed","No","No_or_limited_measures","Initial",4043,0,113,60,30.76,94,33,80,39,13.1836681646864,36.2116586724809,23,"Spring",20312.4850110526,-168.448662185303,31792.1952830056,-11898.1525528833,10949,6320,-30932.988190773,40.9885364154546,11009.9306841707,1375.31224269278,33329.1564999223,2016.81163138537,14573.2860108791,1363,1363,1.39678833734185,1211.62466107538,2086.59324906412,-1335.63934203172,290604.073288305,206494.396710585,11978.3742482467,299106.806916374,-110.02397517072,-2.50101561867278,-137.39392463777,183
0.36,"Closed","No","No_or_limited_measures","Initial",4275,0,115,66,37.36,77,38,92,42,14.6640301433148,40.9437655921807,23,"Spring",22719.7519893819,-1595.22105578674,31792.1952830056,-12583.781743024,6127,6320,-31975.5641687644,35.7439740556022,10991.7047297402,1439.01244781499,33393.8526217259,2037.46876638436,14949.186912317,1181,1181,1.36445427492683,1203.15964483243,1243.15456074457,-1637.54199455829,290604.073288305,206494.396710585,11978.5225001704,299106.806916374,-110.411646412778,-2.51191760433909,-137.643326980142,144
0.36,"Closed","No","No_or_limited_measures","Initial",4428,0,120,56,37.49,78,54,108,49,24.1976271074063,53.0919770711765,31,"Spring",25928.9519316033,-3010.35019642888,31792.1952830056,-13269.4109331648,6127,6320,-33018.1401467557,31.1704635739528,11227.5046832268,936.898511271016,33520.2145620762,2052.43005746098,14581.2422967828,1252,1252,1.4567430862386,1201.99213193151,318.845155790098,-1933.00178134325,290604.073288305,206494.396710585,11978.612916581,299106.806916374,-110.79931689361,-2.52281959000539,-137.892729322513,118
0.36,"Open","No","No_or_limited_measures","Initial",4556,0,118,59,38.76,72,64,130,53,29.4698662474401,59.5464404794101,39,"Spring",27964.9339120516,-4421.89603483786,31792.1952830056,-13955.0401233056,5480.6190364509,6320,-34060.716124747,27.1821425872717,11414.9173441081,1097.99167104721,33610.7803227618,2063.2660340226,14378.8516932438,1042,1042,1.59851103537079,1201.83110608882,-613.574761187506,-2220.31778774953,290604.073288305,206494.396710585,11978.5849890674,299106.806916374,-111.186987820666,-2.53372157567169,-138.142131664884,79
0.36,"Open","No","No_or_limited_measures","Initial",4654,0,116,64,43.31,93,67,128,57,35.0908760141283,64.2678861138194,36,"Spring",27004.176290205,-5837.44535357467,31792.1952830056,-14640.6693134464,4834.23807290179,6320,-35103.2921027383,23.7041349700104,11508.6165309817,1516.90948275224,33604.7887845606,2071.11417944285,14827.296103951,981,981,1.68055455177413,1201.80889706485,-1406.07283370511,-2497.91412433606,290604.073288305,206494.396710585,11978.4667795669,299106.806916374,-111.57466000621,-2.54462356133799,-138.391534007256,73
0.36,"Open","No","No_or_limited_measures","Initial",4726,11,112,71,48.95,92,72,119,63,43.8162445772698,71.6086236295332,44,"Spring",24246.9596614991,-7258.0989947287,31792.1952830056,-15326.2985035871,4187.85710935269,6320,-36145.8680807296,20.6711451414274,11383.7613466649,1173.19557068024,33517.5030046284,2076.79833593646,14824.8641792082,783,783,1.64355169523366,1201.8058339494,-2200.81944111239,-2764.34522764084,290604.073288305,206494.396710585,11978.3488112363,299106.806916374,-111.96233333956,-2.5555255470043,-138.640936349627,58
0.36,"Open","No","No_or_limited_measures","Initial",4762,39,107,82,64.53,126,86,123,75,60.26612758345,81.243201078499,60,"Spring",21438.0321734593,-8679.45158229927,31792.1952830056,-16011.9276937279,3541.47614580359,6320,-37188.4440587209,18.0262322163858,11201.290700118,916.786347623305,33420.644024394,2080.9151856269,14389.1602204229,602,602,1.52066135398985,1201.80541147805,-3055.94380708539,-3018.30007197407,290604.073288305,206494.396710585,11978.3152064328,299106.806916374,-112.350006931171,-2.5664275326706,-138.890338691998,51
-1.66,"Open","No","No_or_limited_measures","Initial",4783,57,104,93,64.28,79,76,106,76,61.0248643915919,81.6555964511236,67,"Spring",20965.4684299548,-10098.0238812696,31792.1952830056,-16697.5568838687,2895.09518225448,6320,-38231.0200367122,15.7197410059222,11057.9836940214,1366.64177201974,33384.6342488125,2083.89688597114,14585.4203013924,441,441,1.40843185074212,1201.80535320991,-3818.72001276803,-3258.60530945456,290604.073288305,206494.396710585,11978.3841282721,299106.806916374,-112.737679780136,-2.5773295183369,-139.139741034369,31
-1.66,"Open","No","No_or_limited_measures","Initial",4796,69,104,96,117.44,83,80,109,78,61.0061718875185,82.992190646088,75,"Spring",22756.9433355542,-11514.5263110291,31792.1952830056,-17383.1860740095,2248.71421870538,6320,-39273.5960147035,13.7083697983569,11084.1628288367,1417.06984879094,33428.3347134559,2086.05643456079,14922.4601059738,352,352,1.39112744107638,1201.80534517345,-4518.9135823119,-3484.22736194788,290604.073288305,206494.396710585,11978.499364663,299106.806916374,-113.125351468724,-2.5882315040032,-139.389143376741,21
-1.66,"Open","No","No_or_limited_measures","Initial",4876,64,105,91,104.19,96,87,115,82,71.8845301217416,89.0075016301871,75,"Spring",25704.5975780591,-12931.4281987237,31792.1952830056,-18068.8152641502,1602.33325515628,6320,-40316.1719926948,11.9543574196106,11221.6299540622,955.129172356798,33511.4039947837,2087.62052537229,14581.3170819753,478,478,1.47764868612737,1201.80534406504,-5276.6667927091,-3694.27349456495,290604.073288305,206494.396710585,11978.5755383161,299106.806916374,-113.513022405729,-2.5991334896695,-139.638545719112,16
-1.66,"Open","No","No_or_limited_measures","Initial",4965,71,103,95,98.87,97,92,114,87,81.6673698373033,93.7506507143652,84,"Spring",27317.1952040123,-14349.7833663588,31792.1952830056,-18754.444454291,955.952291607173,6320,-41358.7479706861,10.4247743107229,11379.9077154827,1111.32114587272,33569.9043420655,2088.75334548033,14404.8504017442,484,484,1.5981185994803,1201.80534391217,-6005.52076960772,-3887.99190593289,290604.073288305,206494.396710585,11978.5610074983,299106.806916374,-113.900693485092,-2.61003547533581,-139.887948061483,13
-1.66,"Open","No","No_or_limited_measures","Initial",5011,81,102,97,106.91,109,94,108,90,85.8369557595616,95.7567639715401,91,"Spring",26745.8295281673,-15768.855813591,31792.1952830056,-19440.0736444318,309.571328058069,6320,-42401.3239486774,9.09090431337018,11428.8616580266,1493.16937653111,33564.7519320974,2089.57381024345,14815.6536516515,403,403,1.66009464065224,1201.80534389108,-6646.52767352882,-4064.7708755374,290604.073288305,206494.396710585,11978.472377339,299106.806916374,-114.288365437095,-2.62093746100211,-140.137350403854,7
-1.66,"Open","No","No_or_limited_measures","Initial",5056,77,102,98,105.54,97,94,107,93,88.1300682023667,97.1138278514387,97,"Spring",24244.8264725942,-17187.4656426826,31792.1952830056,-20125.7028345726,-336.809635491034,6320,-43443.8999266687,7.92770555712126,11354.4172400155,1170.73164314013,33506.869410266,2090.16804618854,14804.7223347886,265,265,1.61935158883146,1201.80534388818,-7307.4579285829,-4224.13701304305,290604.073288305,206494.396710585,11978.3779605129,299106.806916374,-114.676038339699,-2.63183944666841,-140.386752746226,3
-1.66,"Open","No","No_or_limited_measures","Initial",5083,78,101,99,97.5,103,97,106,94,92.5637809511166,99.0296192301143,97,"Spring",21972.6714405957,-18605.3510630896,31792.1952830056,-20811.3320247133,-983.190599040137,6320,-44486.47590466,6.91334032720801,11212.7131230174,941.076471066624,33443.6837075178,2090.59843195807,14409.4632682848,148,148,1.51115590910838,1201.80534388778,-7985.80792065733,-4365.75265861439,290604.073288305,206494.396710585,11978.3454964262,299106.806916374,-115.06371161329,-2.64274143233471,-140.636155088597,5
-5.46,"Open","No","No_or_limited_measures","Initial",5137,93,100,100,96.86,98,99,103,96,99.1038421812262,100.343560619175,94,"Spring",21346.6406819608,-20023.0766870585,31792.1952830056,-21496.9612148541,-1629.57156258924,6320,-45529.0518826513,6.02876508662309,11118.5285640961,1358.24536004748,33421.0276482969,2090.91014637411,14596.0035158795,55,55,1.42015295538644,1201.80534388772,-8589.95263427004,-4489.41248687897,290604.073288305,206494.396710585,11978.3938766563,299106.806916374,-115.451384466694,-2.65364341800102,-140.885557430968,2
-5.46,"Open","No","No_or_limited_measures","Initial",5202,93,100,101,167.1,94,98,103,96.5644467269746,94.2216689728102,99.0684190375121,98.9612876980934,"Spring",22975.1465232412,-21441.1355924509,31792.1952830056,-22182.5904049949,-2275.95252613834,6320,-46571.6278606426,5.25737295568148,11130.0597173704,1397.07278252382,33450.5127082131,2091.13591098819,14897.9752711237,68,68,1.41429466321966,1201.80534388771,-9170.86098528919,-4595.0393702907,290604.073288305,206494.396710585,11978.4830320083,299106.806916374,-115.839056455312,-2.66454540366732,-141.13495977334,0
-5.46,"Open","No","No_or_limited_measures","Initial",5225,93,101,100,142.09,114,101,108,96.5515795530864,93.1235105441989,99.0293456288541,105.245978597976,"Spring",25357.7610915915,-22859.4998953304,31792.1952830056,-22868.2195951357,-2922.33348968745,6320,-47614.2038386339,4.58468193701226,11233.4153873485,972.226748579315,33505.106596263,2091.29942495594,14581.9049264505,83,83,1.49426895005999,1201.80534388771,-9783.86313182083,-4682.67956026754,290604.073288305,206494.396710585,11978.5465682217,299106.806916374,-116.22672776037,-2.67544738933362,-141.384362115711,2
-5.46,"Open","No","No_or_limited_measures","Initial",5235,87,102,99,106.5,79,91,95,97.6353912250378,94.6078285261305,99.3145158804763,110.258127568819,"Spring",26920.9519265397,-24277.8555148693,31792.1952830056,-23553.8487852764,-3568.71445323655,6320,-48656.7798166252,3.9980630327646,11342.740922675,1123.25379345739,33542.8757537166,2091.41785280505,14428.4371083262,49,49,1.59593100170988,1201.80534388771,-10357.0836555001,-4752.49724659587,290604.073288305,206494.396710585,11978.5409319698,299106.806916374,-116.614399018414,-2.68634937499992,-141.633764458082,2
-5.46,"Open","No","No_or_limited_measures","Initial",5248,90,101,100,114.25,93,97,101,98.2296325614734,95.0842475171006,99.3242591211733,114.541349271399,"Spring",26366.1942175352,-25696.0163968415,31792.1952830056,-24239.4779754172,-4215.09541678565,6320,-49699.3557946166,3.48650314974208,11381.2917506021,1471.15757736981,33538.6961620733,2091.50362624469,14804.5848362043,56,56,1.64157583123382,1201.80534388771,-10880.5004583761,-4804.76855722052,290604.073288305,206494.396710585,11978.4749028892,299106.806916374,-117.002070851196,-2.69725136066623,-141.883166800453,1
-5.46,"Open","No","No_or_limited_measures","Initial",5276,90,100,101,114.68,103,99,102,99.2504266527612,94.4473197360062,99.2362194569335,118.869194774776,"Spring",24373.4091089398,-27114.0628727968,31792.1952830056,-24925.107165558,-4861.47638033476,6320,-50741.9317726079,3.04039834128276,11325.9056257547,1168.86371323744,33500.3273434248,2091.56574915754,14786.6745148697,57,57,1.59919944165328,1201.80534388771,-11423.5284928833,-4839.87506168448,290604.073288305,206494.396710585,11978.3997306822,299106.806916374,-117.389743440438,-2.70815334633253,-142.132569142825,0
-5.46,"Open","No","No_or_limited_measures","Initial",5320,90,100,101,103.64,115,102,106,98.645885153814,94.3261245001606,99.2440747266938,123.179924386421,"Spring",22289.0350702941,-28532.1566150723,31792.1952830056,-25610.7363556988,-5507.85734388386,6320,-51784.5077505992,2.65137350423987,11226.4538630061,963.412942254111,33459.1205233386,2091.61074276297,14428.2757362703,41,41,1.50465669985777,1201.80534388771,-11960.3241869198,-4858.29684215871,290604.073288305,206494.396710585,11978.3696598041,299106.806916374,-117.777416435739,-2.71905533199883,-142.381971485196,1
-3.22,"Open","No","No_or_limited_measures","Initial",5326,98,99,101,109.26,124,109,104,99.0039107606122,94.5629000494224,99.2668415365699,127.493030061334,"Spring",21805.6046362886,-29950.3484936544,31792.1952830056,-26296.3655458395,-6154.23830743296,6320,-52827.0837285905,2.31212514608178,11157.351630281,1350.1355940639,33444.8952484386,2091.64333016813,14605.210463018,20,20,1.43161459772843,1201.80534388771,-12444.6316034485,-4860.60519622372,290604.073288305,206494.396710585,11978.4030344411,299106.806916374,-118.165089234154,-2.72995731766513,-142.631373827567,0
-3.22,"Open","No","No_or_limited_measures","Initial",5305,96,101,100,153.92,79,98,100,98.7918784429856,94.5977954674087,99.2629627545247,131.805611185535,"Winter",23050.1587327237,-31368.573382548,31792.1952830056,-26981.9947359803,-6800.61927098207,6320,-53869.6597065818,2.01628427024517,11166.4162710655,1378.85695268862,33464.7678017301,2091.66693216589,14875.5547143001,4,4,1.43427587166268,1201.80534388771,-12924.1487964938,-4847.45503534988,290604.073288305,206494.396710585,11978.4716850789,299106.806916374,-118.552761412291,-2.74085930333144,-142.880776169938,0
-3.22,"Open","No","No_or_limited_measures","Initial",5285,99,101,100,133.76,91,98,99,98.9174496391918,94.5063360232425,99.2568921211613,136.118283107986,"Winter",25186.4703186857,-32786.7591317909,31792.1952830056,-27667.6239261211,-7447.00023453117,6320,-54912.2356845731,1.75829680557193,11239.3138312906,988.252017280339,33500.6374901994,2091.68402632529,14582.9146409032,12,12,1.50731042893352,1201.80534388771,-13415.8828034706,-4819.57704239097,290604.073288305,206494.396710585,11978.5242204915,299106.806916374,-118.94043300336,-2.75176128899774,-143.13017851231,0
-3.22,"Open","No","No_or_limited_measures","Initial",5256,96,101,100,123.88,104,100,99,98.843083026153,94.4988492802923,99.258540380943,140.430937294313,"Winter",26472.1590177882,-34204.900173331,31792.1952830056,-28353.2531162619,-8093.38119808027,6320,-55954.8116625644,1.53331933503033,11318.3198324362,1133.92309993928,33525.0096440907,2091.69640706901,14449.825466845,8,8,1.59249101639985,1201.80534388771,-13870.3592306114,-4777.76965037778,290604.073288305,206494.396710585,11978.5242795379,299106.806916374,-119.328104440662,-2.76266327466404,-143.379580854681,0
-3.22,"Open","No","No_or_limited_measures","Initial",5227,94.0336951358424,100.761117342138,100.495336410687,124.647908557031,100.227621448299,99.0608675669458,100.355432613229,98.8871249187362,94.5332642314679,99.2600642916554,144.74359473717,"Winter",26139.0898007136,-35623.0374039454,31792.1952830056,-29038.8823064026,-8739.76216162938,6320,-56997.3876405557,1.33712816614776,11345.6382838353,1450.75533390224,33521.7447367605,2091.70537403905,14794.0833987679,2,2,1.62497451761614,1201.80534388771,-14299.299990669,-4722.8909034982,290604.073288305,206494.396710585,11978.4754309395,299106.806916374,-119.715776230921,-2.77356526033034,-143.628983197052,0
-3.22,"Open","No","No_or_limited_measures","Initial",5151,93.8204875358054,98.8445474464877,101.512795287603,122.348090537488,98.4819494092744,99.9240240189501,101.899229337601,98.8610421347684,94.534185820264,99.2594767065767,149.056251563114,"Winter",24373.1520031391,-37041.1993260516,31792.1952830056,-29724.5114965434,-9386.14312517848,6320,-58039.963618547,1.166040036057,11306.6537847405,1167.51418207311,33496.3209495987,2091.71186852383,14770.5154051934,3,3,1.5825479349998,1201.80534388771,-14741.01762237,-4655.85025940278,290604.073288305,206494.396710585,11978.4158804233,299106.806916374,-120.103448601403,-2.78446724599665,-143.878385539423,0
-3.22,"Open","No","No_or_limited_measures","Initial",5102,95.0317382865599,98.8956390300532,102.103264584956,114.081599319678,98.0018812420012,103.370493542358,102.236068429544,98.8764890554071,94.5212631133177,99.2591051384262,153.368908504083,"Winter",22649.7468461408,-38459.3789283092,31792.1952830056,-30410.1406866842,-10032.5240887276,6320,-59082.5395965383,1.016842962485,11235.2063728667,983.946296171476,33469.455792122,2091.71657226794,14445.6950868232,2,2,1.50052888730751,1201.80534388771,-15166.4496905722,-4577.60038990542,290604.073288305,206494.396710585,11978.3888377918,299106.806916374,-120.491121364729,-2.79536923166295,-144.127787881795,0
-6.92,"Open","No","No_or_limited_measures","Initial",5124,95.5339457550681,99.2768587947258,102.061294692592,129.072053628226,97.8698601979121,102.679212939169,101.802194716081,98.8673409768311,94.521652181114,99.2593013205986,157.681565423431,"Winter",22111.0537037884,-39877.5546066701,31792.1952830056,-31095.769876825,-10678.9050522767,6320,-60125.1155745296,0.886735942491018,11185.8395657664,1342.32133418443,33460.5439142028,2091.71997903683,14613.1977480177,6,6,1.44257755352095,1201.80534388771,-15558.0166493273,-4489.12903478561,290604.073288305,206494.396710585,11978.4113539244,299106.806916374,-120.878794077994,-2.80627121732925,-144.377190224166,0
-6.92,"Open","No","No_or_limited_measures","Initial",5123,96.127740107777,100.172706834179,101.572468130579,131.612311986921,97.8335537788022,99.6205352169274,101.629323699616,98.8727587130641,94.5264523031001,99.2593867376625,161.994222346827,"Winter",23209.5406505347,-41295.7170485781,31792.1952830056,-31781.3990669657,-11325.2860158258,6320,-61167.6915525209,0.773276366867744,11191.8983572066,1362.27134493113,33473.9242211989,2091.72244644874,14855.0338163555,0,0,1.45139071390183,1201.80534388771,-15951.1971822513,-4391.45096076933,290604.073288305,206494.396710585,11978.463959485,299106.806916374,-121.266466365345,-2.81717320299555,-144.626592566537,1
-6.92,"Open","No","No_or_limited_measures","Initial",5108,95.9025648777558,101.038835201443,101.141483841711,126.401471576506,97.8235693397479,99.2278326076945,102.055831792901,98.8695501851042,94.5260388110067,99.25932486803,166.306879269464,"Winter",24965.8913604523,-42713.8736316835,31792.1952830056,-32467.0282571065,-11971.6669793749,6320,-62210.2675305122,0.674334162971222,11244.0852429775,1003.26348975861,33497.4851132572,2091.72423351495,14584.2669480943,2,2,1.51738579610652,1201.80534388771,-16343.9727781919,-4285.6000748979,290604.073288305,206494.396710585,11978.5070640143,299106.806916374,-121.654138170743,-2.82807518866186,-144.875994908909,0
-6.92,"Open","No","No_or_limited_measures","Initial",5053,95.3157842499027,100.878038167019,101.023343166508,124.959572307276,97.8208235712124,100.397004941022,102.036187922781,98.871450360976,94.5242693690534,99.2593066635237,170.619536192243,"Winter",26167.127541524,-44132.0346280052,31792.1952830056,-33152.6574472473,-12618.047942924,6320,-63252.8435085035,0.588051805064246,11300.5664201357,1143.45058277502,33513.2039773762,2091.72552782888,14469.2110957759,0,0,1.58822892772408,1201.80534388771,-16707.1902857431,-4172.62173841887,290604.073288305,206494.396710585,11978.5105776774,299106.806916374,-122.04180977276,-2.83897717432816,-145.12539725128,0
-6.92,"Open","No","No_or_limited_measures","Initial",5005,95.0176882797432,100.219673335538,101.214001069012,126.501674311469,97.8200684717211,100.599943682295,101.689471152446,98.8703250261219,94.5245232007323,99.2593254244848,174.932193114995,"Winter",25864.3608218553,-45550.2019173908,31792.1952830056,-33838.2866373881,-13264.4289064731,6320,-64295.4194864948,0.512809441413507,11320.3945124212,1431.8514320919,33510.720090205,2091.72646525837,14784.1395039868,0,0,1.61022173628773,1201.80534388771,-17058.5347271956,-4053.56532407722,290604.073288305,206494.396710585,11978.474718612,299106.806916374,-122.429481568842,-2.84987915999446,-145.374799593651,0
-6.92,"Open","No","No_or_limited_measures","Initial",4978,95.1205732104655,99.4289021981401,101.475775618367,121.809229920397,97.8198608157464,100.855146610539,101.838471893558,98.87099147945,94.525169556081,99.2593288046362,179.244850037752,"Winter",24434.714922272,-46968.3704530395,31792.1952830056,-34523.9158275288,-13910.8098700222,6320,-65337.9954644861,0.447194483441987,11292.5967627456,1166.61379179179,33493.8803076705,2091.72714420806,14756.0588495899,0,0,1.56890282467561,1201.80534388771,-17415.238138067,-3929.47705627957,290604.073288305,206494.396710585,11978.4277718906,299106.806916374,-122.817153794003,-2.86078114566076,-145.624201936022,0
-6.92,"Open","No","No_or_limited_measures","Initial",4964,95.3078912078433,99.0999176074045,101.614478314127,123.882490216999,97.8198037093593,101.463546301932,102.069414555718,98.870596788006,94.5250385358801,99.2593233077669,183.557506960509,"Winter",22886.68542125,-48386.5359422195,31792.1952830056,-35209.5450176696,-14557.1908335713,6320,-66380.5714424774,0.389975086007998,11241.5532507459,1002.81599388543,33476.3706261028,2091.72763594924,14461.8137404365,1,1,1.49824475063789,1201.80534388771,-17753.7118973753,-3801.39317007713,290604.073288305,206494.396710585,11978.4039844105,299106.806916374,-123.204826371675,-2.87168313132707,-145.873604278394,0
-6.41,"Open","No","No_or_limited_measures","Initial",4915,95.50319302998,99.4847488816375,101.569662008189,127.2826841326,97.8197880048294,101.08398191104,101.857282851842,98.8708305348108,94.5248045495705,99.2593228578787,187.870163883265,"Winter",22438.8024160592,-49804.6987702864,31792.1952830056,-35895.1742078104,-15203.5717971204,6320,-67423.1474204688,0.340077020933721,11206.0659004502,1334.80821669748,33470.8011027545,2091.72799210139,14620.1055597583,0,0,1.4528805166427,1201.80534388771,-18071.8279113512,-3670.33342129318,290604.073288305,206494.396710585,11978.4187286373,299106.806916374,-123.592498989235,-2.88258511699337,-146.123006620765,0
-6.41,"Open","No","No_or_limited_measures","Initial",4880,95.5501698975464,100.175169644302,101.433258527088,126.718424932537,97.8197836860086,100.174604508376,101.746655530284,98.8706921037158,94.5248666014014,99.2593244208416,192.182820806022,"Winter",23292.9355269561,-51222.8617951625,31792.1952830056,-36580.8033979512,-15849.9527606695,6320,-68465.7233984601,0.296563509610413,11210.2661811095,1347.17719806567,33479.8015087458,2091.7282500508,14836.2601744019,0,0,1.46595000924477,1201.80534388771,-18392.1062787579,-3537.29497643609,290604.073288305,206494.396710585,11978.4588371761,299106.806916374,-123.980171329808,-2.89348710265967,-146.372408963136,0
-6.41,"Open","No","No_or_limited_measures","Initial",4852,95.4445114977292,100.68645512439,101.325003330261,125.142861713039,97.8197824983122,100.131186088311,101.96517668472,98.870774086304,94.5249504819196,99.259324407025,196.495477728778,"Winter",24841.7256100355,-52641.02655996,31792.1952830056,-37266.4325880919,-16496.3337242186,6320,-69508.2993764514,0.258617636060704,11247.49344292,1017.31737708576,33495.2731671302,2091.72843687518,14585.8931240158,0,0,1.52502262089087,1201.80534388771,-18705.5117917499,-3403.24670731678,290604.073288305,206494.396710585,11978.4939579902,299106.806916374,-124.367843289858,-2.90438908832597,-146.621811305507,0
-6.41,"Open","No","No_or_limited_measures","Initial",4844,95.3304760073516,100.655449078083,101.311422297209,126.152513684017,97.81978217169,100.631607656225,101.973431469618,98.8707255340278,94.5249226072395,99.2593239752028,200.808134651535,"Winter",25852.3696351494,-54059.1922880013,31792.1952830056,-37952.0617782327,-17142.7146877677,6320,-70550.8753544427,0.225527010283528,11287.9739252142,1151.94681109008,33505.4055462903,2091.72857218599,14486.773018658,1,1,1.58348123844981,1201.80534388771,-18997.6971215013,-3269.12391155579,290604.073288305,206494.396710585,11978.4993849419,299106.806916374,-124.755515034419,-2.91529107399227,-146.871213647879,0
-6.41,"Open","No","No_or_limited_measures","Initial",4855,95.2979947191611,100.147969339892,101.370730768947,124.985744742313,97.8197820818673,100.81463004547,101.788780702591,98.8707542879813,94.5248928526997,99.2593240172774,205.120791574291,"Winter",25676.2358457076,-55477.3575599885,31792.1952830056,-38637.6909683735,-17789.0956513168,6320,-71593.451332434,0.196670393953674,11302.2825881642,1414.34177480186,33503.5524372324,2091.72867018722,14774.7404224921,1,1,1.59721724944172,1201.80534388771,-19284.6796923356,-3135.82347644585,290604.073288305,206494.396710585,11978.4732905467,299106.806916374,-125.143186864091,-2.92619305965858,-147.12061599025,0
-6.41,"Open","No","No_or_limited_measures","Initial",4888,95.3269198338631,99.5854542781144,101.440172180744,124.32818542131,97.8197820571656,100.823622978131,101.852589037707,98.8707372591228,94.5249049299598,99.2593241331979,209.433448497048,"Winter",24430.2918433127,-56895.5219617799,31792.1952830056,-39323.3201585143,-18435.4766148659,6320,-72636.0273104253,0.171506037388899,11282.5238766947,1166.10081569113,33492.4025489131,2091.72874116632,14743.1361432625,4,4,1.55782196902873,1201.80534388771,-19571.4229151045,-3004.19949995491,290604.073288305,206494.396710585,11978.4364551442,299106.806916374,-125.530858998905,-2.93709504532488,-147.370018332621,0
-6.41,"Open","No","No_or_limited_measures","Initial",4872,95.3816371112071,99.3684859836845,101.468644521269,125.463465594236,97.8197820503726,100.859504674464,101.981530956863,98.8707473440672,94.5249153617132,99.259324111272,213.746105419804,"Winter",23132.4760001639,-58313.6860983345,31792.1952830056,-40008.949348655,-19081.857578415,6320,-73678.6032884166,0.149561508824612,11246.0098889724,1020.15119352702,33480.9939020357,2091.72879257417,14476.7191703947,1,1,1.49736905415057,1201.80534388771,-19841.9813900169,-2875.05937903453,290604.073288305,206494.396710585,11978.415890049,299106.806916374,-125.918531433401,-2.94799703099118,-147.619420674992,0
-7.66,"Open","No","No_or_limited_measures","Initial",4856,95.4168542481221,99.6254470146757,101.450051298687,126.107944529025,97.8197820485044,100.69773396365,101.879190243592,98.870741371494,94.524910267072,99.2593240810958,218.058762342561,"Winter",22676.4086233318,-59731.850598947,31792.1952830056,-40694.5785387958,-19728.2385419641,6320,-74721.1792664079,0.1304248250525,11220.5379097294,1327.59910241698,33477.5225345161,2091.72882980721,14626.0592909733,1,1,1.46242345207442,1201.80534388771,-20100.8747941079,-2749.16037186179,290604.073288305,206494.396710585,11978.4251434335,299106.806916374,-126.306203957033,-2.95889901665748,-147.868823017364,0
-7.66,"Open","No","No_or_limited_measures","Initial",4829,95.4104450499591,100.127677606313,101.411712940175,125.425401654121,97.8197820479907,100.466491128148,101.811263068967,98.8707449086112,94.5249066580355,99.2593240898437,222.371419265317,"Winter",23413.485144,-61150.0154874072,31792.1952830056,-41380.2077289366,-20374.6195055132,6320,-75763.7552443992,0.113736716911055,11223.4178339528,1333.44705140301,33483.5712429488,2091.72885677389,14819.0927885378,3,3,1.47824974440228,1201.80534388771,-20360.3473028682,-2627.2066372089,290604.073288305,206494.396710585,11978.4555637013,299106.806916374,-126.693876313694,-2.96980100232379,-148.118225359735,0
-7.66,"Open","No","No_or_limited_measures","Initial",4800,95.382589185283,100.489013693717,101.386203763235,125.614163509079,97.8197820478494,100.504578537319,101.922256836109,98.870742813836,94.5249087627393,99.2593240974299,226.684076188074,"Winter",24700.857451818,-62568.1803962773,31792.1952830056,-42065.8369190774,-21021.0004690623,6320,-76806.3312223905,0.0991838844215298,11249.9955460301,1030.46757578974,33493.7281954235,2091.72887630497,14587.7337817394,0,0,1.53067207315732,1201.80534388771,-20610.7070204191,-2509.84675082213,290604.073288305,206494.396710585,11978.4839976343,299106.806916374,-127.081548380686,-2.98070298799009,-148.367627702106,0
-7.66,"Open","No","No_or_limited_measures","Initial",4772,95.3623045060705,100.464359695911,101.386744928601,125.600005771992,97.8197820478105,100.696362817839,101.936197046561,98.8707440544178,94.5249099921453,99.2593240943341,230.99673311083,"Winter",25622.7947609193,-63986.3450822131,31792.1952830056,-42751.4661092181,-21667.3814326114,6320,-77848.9072003818,0.0864931149422622,11278.990365299,1159.51234281285,33500.2558415665,2091.72889045071,14502.6749974205,0,0,1.5785068664484,1201.80534388771,-20846.8098201786,-2397.67169551784,290604.073288305,206494.396710585,11978.4903018793,299106.806916374,-127.469220243003,-2.99160497365639,-148.617030044478,0
-7.66,"Open","No","No_or_limited_measures","Initial",4758,95.3595706301768,100.105979174966,101.40480995026,125.132916656173,97.8197820477998,100.763291783279,101.838676886606,98.8707433197122,94.5249091373256,99.2593240925064,235.309390033586,"Winter",25474.1818372457,-65404.5096167265,31792.1952830056,-43437.0952993589,-22313.7623961605,6320,-78891.4831783731,0.0754261539165074,11289.3286291556,1398.12897896665,33498.8939955439,2091.728900696,14765.8711220976,1,1,1.58584067657695,1201.80534388771,-21080.3605271756,-2291.21331868381,290604.073288305,206494.396710585,11978.4715027555,299106.806916374,-127.856892119701,-3.00250695932269,-148.866432386849,0
-7.66,"Open","No","No_or_limited_measures","Initial",4753,95.3702507558541,99.7029321200549,101.422473631009,125.189508117533,97.8197820477969,100.728795693744,101.86441906137,98.8707437548244,94.524908726268,99.259324093526,239.622046956343,"Winter",24455.0449345121,-66822.674192426,31792.1952830056,-44122.7244894997,-22960.1433597096,6320,-79934.0591563644,0.0657752319179899,11275.2744198862,1165.92032180476,33491.5141791406,2091.72890811633,14731.5944710382,0,0,1.5489132135998,1201.80534388771,-21310.359146923,-2190.94324802136,290604.073288305,206494.396710585,11978.4427357579,299106.806916374,-128.244564203792,-3.013408944989,-149.11583472922,0
-7.66,"Open","No","No_or_limited_measures","Initial",4730,95.3827609592276,99.5497340911853,101.42785394925,125.626795904019,97.8197820477961,100.694083062772,101.935562661635,98.8707434971393,94.5249090684982,99.2593240939421,243.934703879099,"Winter",23305.869554218,-68240.8388858487,31792.1952830056,-44808.3536796405,-23606.5243232587,6320,-80976.6351343557,0.0573591640196109,11249.1625912144,1036.07147139832,33484.0830394662,2091.72891349064,14490.4940219369,19,19,1.49754586313107,1201.80534388771,-21527.5932481495,-2097.27225369184,290604.073288305,206494.396710585,11978.4252043471,299106.806916374,-128.632236531817,-3.0243109306553,-149.365237071591,0
-5.6,"Open","No","No_or_limited_measures","Initial",4733,95.3871716949445,99.7331995456231,101.421138774203,125.517047596,97.8197820477959,100.641033490823,101.886956555556,98.8707436497473,94.5249092027714,99.2593240936228,248.247360801856,"Winter",22912.9297402112,-69659.0036275661,31792.1952830056,-45493.9828697812,-24252.9052868078,6320,-82019.211112347,0.0500199482554583,11230.8735230556,1320.69447543465,33481.925827499,2091.72891738307,14631.1710063704,1,1,1.47115378239048,1201.80534388771,-21738.2063767788,-2010.55004254813,290604.073288305,206494.396710585,11978.4306394034,299106.806916374,-129.019908970357,-3.0352129163216,-149.614639413963,1
-5.6,"Open","No","No_or_limited_measures","Initial",4736,95.3831415842115,100.090438834709,101.410754791092,125.454499438826,97.8197820477958,100.596892310556,101.846469720218,98.8707435593688,94.5249090674583,99.2593240935358,252.560017724612,"Winter",23492.0667006443,-71077.1683278374,31792.1952830056,-46179.612059922,-24899.2862503569,6320,-83061.7870903383,0.0436197993161703,11232.8492585028,1320.96386286899,33485.9873317072,2091.72892020224,14803.401292459,0,0,1.48856708724855,1201.80534388771,-21947.5877766327,-1931.06546784847,290604.073288305,206494.396710585,11978.4535841684,299106.806916374,-129.40758132007,-3.0461149019879,-149.864041756334,0
-5.6,"Open","No","No_or_limited_measures","Initial",4713,95.376802608953,100.34813785411,101.404932723927,125.54725545036,97.8197820477958,100.629267976486,101.90233327001,98.8707436128934,94.5249090249175,99.259324093632,256.872674647369,"Winter",24614.1098035531,-72495.3329729249,31792.1952830056,-46865.2412500628,-25545.667213906,6320,-84104.3630683297,0.0380385617887029,11251.8197899704,1042.76567051175,33492.6534301607,2091.72892224407,14589.7377838463,0,0,1.53471734283637,1201.80534388771,-22148.0498520451,-1859.04713577156,290604.073288305,206494.396710585,11978.4764688478,299106.806916374,-129.795253457251,-3.05701688765421,-150.113444098705,0
-5.6,"Open","No","No_or_limited_measures","Initial",4718,95.3733074176121,100.329972592975,101.406210173622,125.440008087033,97.8197820477958,100.693662896569,101.914580908476,98.8707435811947,94.5249090778265,99.2593240936475,261.185331570125,"Winter",25400.2772869479,-73913.49760881,31792.1952830056,-47550.8704402036,-26192.0481774551,6320,-85146.939046321,0.0331714543770626,11272.5904637968,1166.23858509614,33496.8563197282,2091.7289237229,14517.0667657466,1,1,1.57350106911597,1201.80534388771,-22339.3068483748,-1794.66438818486,290604.073288305,206494.396710585,11978.4829754586,299106.806916374,-130.182925413064,-3.06791887332051,-150.362846441076,1
